time_s,ref_N,ref_E,ref_D,true_N,true_E,true_D,true_vN,true_vE,true_vD,est_N,est_E,est_D,est_vN,est_vE,est_vD,T0_N,T1_N,T2_N,T3_N,solve_s,exitflag,fallback
0,0,0,-2,0,0,-2,0.75,1,-0,0.0285610013075829,0.00397350137135223,-1.99011624068951,0.77,0.99,0.01,2.97142037881948,2.95612008548331,2.97509076993049,2.95421280957616,0.1526057,1,0
0.01,0.00749999218750244,0.00999995833338542,-2.00000156249919,0.00749999180364508,0.00999995791402055,-2.00000353516569,0.749997505839119,0.99998734897918,-0.0007070325738006,0.0362601472628568,0.0138735599987908,-1.99001648220313,0.769829191054778,0.990011725487705,0.00995169727605678,2.97142037881948,2.95612008548331,2.97509076993049,2.95421280957616,NaN,NaN,0
0.02,0.0149999375000781,0.0199996666683333,-2.00000624998698,0.014999931608733,0.0199996612940246,-2.00001414062838,0.749989459259573,0.999948992291713,-0.00141405819925626,0.0439632902380985,0.0237802069462052,-1.98992264617005,0.770799403993573,0.991317663995184,0.0088155093398483,2.97142037881948,2.95612008548331,2.97509076993049,2.95421280957616,NaN,NaN,0
0.03,0.0224997890630933,0.0299988750126562,-2.00001406243408,0.0224997596600119,0.0299988500562542,-2.00003181628154,0.749975014028548,0.999884324525439,-0.00212106936137154,0.0516665374779536,0.0337000785261939,-1.98984298043281,0.76985004397743,0.992656652002547,0.00711763810708232,2.97142037881948,2.95612008548331,2.97509076993049,2.95421280957616,NaN,NaN,0
0.04,0.0299995000025,0.0399973333866662,-2.00002499979167,0.0299994077392976,0.0399972580630298,-2.00005656194026,0.749953323791313,0.999792740309818,-0.00282805789711436,0.0593676407771393,0.0436243049647372,-1.98977268458155,0.770370615859717,0.992188635706121,0.00694153214593635,2.97142037881948,2.95612008548331,2.97509076993049,2.95421280957616,NaN,NaN,0
0.05,0.0374990234451294,0.0499947918294247,-2.00003906199138,0.0374987991642216,0.0499946131232155,-2.00008837733466,0.749923542064622,0.999673634325734,-0.00353501496255854,0.0502140324747579,0.0501842599231655,-2.00979680212505,0.748571864723165,0.988017548475602,-0.0190664744573698,2.94873490975666,2.91810803400991,2.9453161165508,2.91666780067644,0.1255609,1,0
0.06,0.0449983125189843,0.0599910004049913,-2.00005624894532,0.0449978515136507,0.059990644837131,-2.00012192806001,0.749885528561968,0.999528051711428,-0.00317512262749847,0.0577014545640719,0.0600762480111544,-2.00998456545742,0.74891255313963,0.990380069122163,-0.0184861920153573,2.94873490975666,2.91810803400991,2.9453161165508,2.91666780067644,NaN,NaN,0
0.07,0.0524973203535324,0.0699857092086724,-2.00007656054608,0.0524964832368933,0.069985080632119,-2.0001518796231,0.749839565481994,0.999354411500242,-0.00281518105922166,0.0651880854512418,0.0699807838999595,-2.01016646888196,0.748413624294346,0.990527108638871,-0.0178944928945037,2.94873490975666,2.91810803400991,2.9453161165508,2.91666780067644,NaN,NaN,0
0.08,0.0599960000799992,0.0799786683732683,-2.00009999666671,0.0599946192974652,0.0799776387610337,-2.00017823148809,0.749786544647259,0.999152479458515,-0.00245518156029751,0.0726719046241151,0.079898068322583,-2.01034196697218,0.748350210280317,0.992929775885832,-0.0172051251495696,2.94873490975666,2.91810803400991,2.9453161165508,2.91666780067644,NaN,NaN,0
0.09,0.0674943048316609,0.0899696280753205,-2.00012655716073,0.0674921935760427,0.0899680351344184,-2.00020098303218,0.749727357666507,0.998922021355062,-0.00209511542294662,0.0801613902467342,0.0898383663799444,-2.01050636462206,0.749546914243504,0.99512983558645,-0.0156744048246783,2.94873490975666,2.91810803400991,2.9453161165508,2.91666780067644,NaN,NaN,0
0.1,0.074992187744137,0.0999583385413567,-2.00015624186215,0.074989148868302,0.0999559833204495,-2.00022013354528,0.749662895930328,0.998662802944978,-0.00173497390285315,0.0762202949376064,0.102086863801669,-1.99523028584649,0.712167810459539,1.00346183167609,0.0325305517968655,3.07483956309289,2.99519408736098,3.05875936922245,2.98194493634434,0.1420561,1,0
0.11,0.0824896019556838,0.109944550054135,-2.00018905058542,0.0824854273012386,0.109941147351121,-2.00025159511903,0.74959241699087,0.99836478125408,-0.0045573251610525,0.083341652052883,0.112118405260502,-1.99492205689603,0.712103612595789,1.00284646009063,0.0291152382953593,3.07483956309289,2.99519408736098,3.05875936922245,2.98194493634434,NaN,NaN,0
0.12,0.089986500607487,0.119928012958889,-2.00022498312551,0.0899809973484167,0.119923169863386,-2.00031127970885,0.749521980109058,0.998034034901954,-0.00737957443226339,0.0904543354199871,0.122154259663728,-1.99464103958279,0.710433060825023,1.00432442055449,0.0270882243517961,3.07483956309289,2.99519408736098,3.05875936922245,2.98194493634434,NaN,NaN,0
0.13,0.0974828368439543,0.129908477669565,-2.00026403925782,0.0974758822686835,0.129901709678784,-2.00039918620936,0.749456152770342,0.997667777411926,-0.0102017040901036,0.0975492382127617,0.132202016684984,-1.99438908288872,0.708547497729897,1.00522698369668,0.0233031144632006,3.07483956309289,2.99519408736098,3.05875936922245,2.98194493634434,NaN,NaN,0
0.14,0.104978563813009,0.139885694675066,-2.00030621873826,0.104970150990456,0.13987639775052,-2.00051531332178,0.749399501380825,0.997263221558456,-0.0130236929372618,0.104633883539346,0.142258314651353,-1.99417631963439,0.708381567586999,1.00603260957721,0.0192495364018225,3.07483956309289,2.99519408736098,3.05875936922245,2.98194493634434,NaN,NaN,0
0.15,0.112473634666381,0.149859414545485,-2.0003515213032,0.112463918100253,0.14984683715491,-2.00065965951392,0.749356591132198,0.996817579152982,-0.0158455153528842,0.107026717354708,0.148517469245714,-1.98182433544253,0.685493070261997,0.989433995197694,0.0661287254604555,3.09603365291921,3.00274452738294,3.07964662031897,2.99548819803687,0.1848823,1,0
0.16,0.119968002559902,0.159829387938345,-2.00039994666951,0.119957343040416,0.15981259115279,-2.00083485523819,0.749331834233296,0.996325764504155,-0.0191935941861074,0.113876464363416,0.158409609753902,-1.9811748904207,0.684456331479571,0.988994106440004,0.0637602789049361,3.09603365291921,3.00274452738294,3.07964662031897,2.99548819803687,NaN,NaN,0
0.17,0.127461620653799,0.169795365604832,-2.00045149453453,0.127450630941859,0.169773201222533,-2.00104353064081,0.749329924372473,0.995788583061957,-0.0225414458118408,0.120718599999499,0.168299010080077,-1.98055337196165,0.683970795737077,0.988885958794937,0.0605434129066541,3.09603365291921,3.00274452738294,3.07964662031897,2.99548819803687,NaN,NaN,0
0.18,0.134954442112981,0.179757098396022,-2.00050616457608,0.134944032502263,0.179728207379419,-2.00128568328523,0.749355306784889,0.995204771173756,-0.0258890364998026,0.1275580268788,0.178183078040596,-1.97996729663647,0.683914580123228,0.987927633308831,0.0566716521289421,3.09603365291921,3.00274452738294,3.07964662031897,2.99548819803687,NaN,NaN,0
0.19,0.142446420107339,0.189714337269115,-2.00056395645247,0.142437842864797,0.18967713699295,-2.00156131037144,0.749412425320586,0.994573063297322,-0.0292363271782517,0.134398359951188,0.188056683225641,-1.97942098600708,0.684152034354264,0.986793403700163,0.0525904737492592,3.09603365291921,3.00274452738294,3.07964662031897,2.99548819803687,NaN,NaN,0
0.2,0.149937507812035,0.199666833293656,-2.00062486980252,0.149932401603894,0.19961950476678,-2.00187040867934,0.749505722370593,0.993892191766432,-0.0325832727991215,0.146589541078846,0.201989312997063,-1.99986569314351,0.711591132630199,1.00874757325539,-0.0453279313530437,3.01643113726856,2.91879647318945,3.00908133981575,2.91078629629569,0.1078883,1,0
0.21,0.157427658407795,0.209614337657765,-2.0006889042455,0.157428075183269,0.209554907149966,-2.00219969078025,0.749635761096665,0.993179953980706,-0.0332730784025315,0.153706413258693,0.212080966917972,-2.0003205968028,0.711783303339122,1.00958321092639,-0.0456528005044655,3.01643113726856,2.91879647318945,3.00908133981575,2.91078629629569,NaN,NaN,0
0.22,0.164916825081203,0.21955660167435,-2.0007560593812,0.164925255675436,0.219482934318224,-2.00253586876957,0.749807454639049,0.992416857682497,-0.0339624404810672,0.160821696365496,0.222170035578153,-2.00077538258778,0.711273318021438,1.00823052110991,-0.0453043564912597,3.01643113726856,2.91879647318945,3.00908133981575,2.91078629629569,NaN,NaN,0
0.23,0.172404961024991,0.229493376787328,-2.00082633478991,0.172424370116488,0.229403068950351,-2.00287893790301,0.750022900242621,0.991601155339291,-0.0346512963139735,0.167936023403375,0.232255002515866,-2.00122579693822,0.711592089554407,1.00876286643262,-0.0447785135984914,3.01643113726856,2.91879647318945,3.00908133981575,2.91078629629569,NaN,NaN,0
0.24,0.179892019438334,0.239424414577839,-2.0008997300324,0.179925866504548,0.239314776240106,-2.00322889278131,0.750284193050116,0.990731097455595,-0.0353395775895227,0.175052424480197,0.242346906908323,-2.00167412849309,0.711688125810017,1.00961801205886,-0.0448877973752301,3.01643113726856,2.91879647318945,3.00908133981575,2.91078629629569,NaN,NaN,0
0.25,0.187377953527141,0.249349466770455,-2.00097624464995,0.187430213778191,0.249217503875984,-2.00358572729318,0.750593425990069,0.989804932454816,-0.0360272101773032,0.201707093447113,0.251194766373624,-2.00544498905543,0.816925443917337,1.00184526460794,-0.0590518060555333,2.88089942727283,2.81174638246614,2.94632218123756,2.81387583528182,0.139856,1,0
0.26,0.194862716504348,0.25926828523939,-2.00105587816435,0.194937834849756,0.259110847291514,-2.00393267502825,0.750937524460106,0.98885429100786,-0.0333622183514699,0.209887048722719,0.261213370489186,-2.00601935389707,0.81906561120381,1.00187555850457,-0.0558211622729525,2.88089942727283,2.81174638246614,2.94632218123756,2.81387583528182,NaN,NaN,0
0.27,0.202346261590211,0.269180622014697,-2.00113863007789,0.202449072599714,0.268994397642398,-2.00425296927986,0.751314122545433,0.987846033738451,-0.0306965128612827,0.218089655610638,0.271235302116915,-2.00656703477008,0.821455766379909,1.00251076704111,-0.0537150123285627,2.88089942727283,2.81174638246614,2.94632218123756,2.81387583528182,NaN,NaN,0
0.28,0.209828542012598,0.279086229288473,-2.00122449987336,0.209964172846407,0.278867570212356,-2.00454660291061,0.751707384268395,0.986778450626855,-0.0280300950850808,0.226317406305187,0.281263665040851,-2.00708908165905,0.824094372529954,1.00316181774616,-0.050694365465427,2.88089942727283,2.81174638246614,2.94632218123756,2.81387583528182,NaN,NaN,0
0.29,0.217309511007281,0.288984859421053,-2.00131348701409,0.217483223035737,0.288729763234425,-2.00481356882963,0.752101471098286,0.985649841734087,-0.0253629716372965,0.23457396757016,0.291291687380164,-2.00758331423898,0.827217880464577,1.00244265011647,-0.048152150520421,2.88089942727283,2.81174638246614,2.94632218123756,2.81387583528182,NaN,NaN,0
0.3,0.224789121818227,0.298876264947198,-2.0014055909439,0.225006152215012,0.298580357997124,-2.00505386000534,0.752480541826565,0.984458518275307,-0.0226951464320321,0.23677476825113,0.303907315511586,-1.99277678006622,0.79632401810738,1.01604487035173,0.0169214654975684,3.04878240911667,2.96258341987234,3.07464116367514,2.96020738679047,0.1687704,1,0
0.31,0.232267327697894,0.308760198582287,-2.00150081108714,0.232532827122189,0.308418396592274,-2.00529219088355,0.752848488564869,0.983137787973785,-0.0249709008381492,0.244754667106497,0.314071464149219,-1.9926150356878,0.799655752965904,1.01678485717489,0.0154274101867231,3.04878240911667,2.96258341987234,3.07464116367514,2.96020738679047,NaN,NaN,0
0.32,0.239744081907518,0.318636413228492,-2.00159914684869,0.240062992137875,0.318242883011811,-2.00555327535741,0.7531774806757,0.981747834449716,-0.027245855482793,0.252759898425669,0.324238215923405,-1.99247207410729,0.801390510868587,1.01656549766212,0.0131649059156203,3.04878240911667,2.96258341987234,3.07464116367514,2.96020738679047,NaN,NaN,0
0.33,0.247219337717411,0.328504661980962,-2.00170059761395,0.247596225225339,0.328053117573325,-2.00583710510869,0.753461019577522,0.980287168771263,-0.0295199443764374,0.260778210021642,0.334403295896949,-1.99234995966477,0.802271808326026,1.0164504970468,0.0112579825876297,3.04878240911667,2.96258341987234,3.07464116367514,2.96020738679047,NaN,NaN,0
0.34,0.254693048407248,0.338364698133992,-2.00180516274885,0.255132039347187,0.337848385738971,-2.00614367110105,0.753692603705712,0.978754308856162,-0.0317930896640094,0.268807004145787,0.344566651649784,-1.99224446823466,0.803487016502818,1.01622065352016,0.00984030343567755,3.04878240911667,2.96258341987234,3.07464116367514,2.96020738679047,NaN,NaN,0
0.35,0.262165167266362,0.348216275187192,-2.00191284159987,0.262669882435143,0.347627958186153,-2.00647296345479,0.753865728436356,0.977147779910194,-0.0340652003160807,0.263665112003762,0.349076297904726,-1.99286148440689,0.738122854181901,0.986087673125654,0.00394489744233772,3.05005248883473,2.93094109933978,3.03940571072934,2.93782635721972,0.1497119,1,0
0.36,0.269635647594033,0.358059146851648,-2.002023633494,0.27020913668253,0.357391153333758,-2.0068213056427,0.753974571532222,0.975478996644257,-0.0356030435882573,0.271046526865951,0.358931952131301,-1.99283077356819,0.738160118255821,0.985043172189417,0.0021972702966775,3.05005248883473,2.93094109933978,3.03940571072934,2.93782635721972,NaN,NaN,0
0.37,0.277104442699785,0.367893067056082,-2.00213753773881,0.277749166860132,0.367137296626229,-2.00718502035555,0.754021312941068,0.973737765506574,-0.0371396958617827,0.278432128743412,0.368781323008323,-1.99281148469513,0.738960257236487,0.984831003214801,0.00166050431683905,3.05005248883473,2.93094109933978,3.03940571072934,2.93782635721972,NaN,NaN,0
0.38,0.284571505903672,0.377717789953001,-2.00225455362238,0.285289363905474,0.376865674282005,-2.00756409541513,0.754008343600499,0.971926225768753,-0.0386751049859118,0.285827976358533,0.37862483262595,-1.99279989177876,0.740209265787728,0.983870920310696,0.000658078956448309,3.05005248883473,2.93094109933978,3.03940571072934,2.93782635721972,NaN,NaN,0
0.39,0.292036790536573,0.387533069924844,-2.00237468041337,0.29282914266744,0.386575593907164,-2.00795851816601,0.753938054867604,0.970046515658673,-0.0402092276160673,0.29322283908684,0.388452750468579,-1.99280282505025,0.738763279873652,0.981712648215068,-0.00124473325514719,3.05005248883473,2.93094109933978,3.03940571072934,2.93782635721972,NaN,NaN,0
0.4,0.299500249940484,0.397338661590122,-2.00249791736099,0.300367941911142,0.396266384484138,-2.00836827556205,0.753812838652204,0.968100772190392,-0.0417420288993027,0.304469079303209,0.404167211646532,-1.99803370764277,0.757250401086834,1.01042093116987,-0.0205575198108662,3.05476797868835,2.94376635894106,3.0484340675821,2.94636946042056,0.0721543,1,0
0.41,0.306961837468808,0.407134319809556,-2.002624263695,0.307905221448171,0.405937366497312,-2.00879481695081,0.753634408837322,0.966085025733089,-0.0435660194693432,0.312042945312323,0.414267652213134,-1.99824093789788,0.757522800735883,1.00966718215055,-0.020888531210788,3.05476797868835,2.94376635894106,3.0484340675821,2.94636946042056,NaN,NaN,0
0.42,0.314421506486647,0.416919799692199,-2.00275371862575,0.3154404593215,0.415587874427331,-2.00923959128825,0.753404749089162,0.964006107817782,-0.045388611215094,0.319615870487958,0.424360352687552,-1.99846746235788,0.757062234391034,1.00887291273286,-0.0244163607894156,3.05476797868835,2.94376635894106,3.0484340675821,2.94636946042056,NaN,NaN,0
0.43,0.321879210371094,0.426694856601565,-2.00288628134414,0.322973150526305,0.425217281126446,-2.00970258437006,0.753125318231226,0.961864931715302,-0.0472097615754818,0.327182985867792,0.434448037735285,-1.99872231255697,0.756360841575801,1.0086640968138,-0.0265536790292197,3.05476797868835,2.94376635894106,3.0484340675821,2.94636946042056,NaN,NaN,0
0.44,0.329334902511524,0.436459246161739,-2.00302195102165,0.330502804643732,0.434824968576588,-2.01018378158575,0.752797574642602,0.95966241007437,-0.0490294318595193,0.334743105956378,0.444531870649374,-1.99900291405406,0.755663176141369,1.00810248600401,-0.0295666203881858,3.05476797868835,2.94376635894106,3.0484340675821,2.94636946042056,NaN,NaN,0
0.45,0.336788536309886,0.446212724263491,-2.00316072681035,0.338028945836723,0.444410327882655,-2.01068316795687,0.752422976312618,0.957399454822735,-0.0508475871531736,0.34745344051355,0.456104948759479,-2.00569836981782,0.780323405622972,1.01468426621906,-0.0512119425017506,2.92324411788368,2.85277150088961,2.93383386317594,2.843603156281,0.107073,1,0
0.46,0.344240065180991,0.455955047070377,-2.00330260784289,0.345551186948904,0.453973181952879,-2.01118240464739,0.752017763604008,0.955161591891768,-0.0489994923434985,0.355257355203986,0.466247394657764,-2.00620025127519,0.780459532464079,1.01380491343794,-0.0491643489728533,2.92324411788368,2.85277150088961,2.93383386317594,2.843603156281,NaN,NaN,0
0.47,0.35168944255281,0.465685971024834,-2.00344759323252,0.353069147577561,0.46351336016184,-2.01166315241895,0.751566491366945,0.952863861511296,-0.0471497818284986,0.363060563032991,0.476385176020087,-2.0066800230544,0.780182033337031,1.01375135902679,-0.046790006868091,2.92324411788368,2.85277150088961,2.93383386317594,2.843603156281,NaN,NaN,0
0.48,0.359136621866758,0.475405252854269,-2.00359568207307,0.360582355472348,0.47303025121062,-2.01212539445502,0.751066827802091,0.950503739535197,-0.0452983223523393,0.370864827272046,0.486517880868678,-2.00714158792651,0.780670814473927,1.01278961069135,-0.0455229675547419,2.92324411788368,2.85277150088961,2.93383386317594,2.843603156281,NaN,NaN,0
0.49,0.366581556577988,0.485112649577144,-2.00374687343899,0.368090315041136,0.482523218581222,-2.01256911256508,0.750516436334135,0.948078706317284,-0.0434449723120032,0.378668858937663,0.496639823356212,-2.00758707074915,0.780135518649525,1.01159888681556,-0.0435735969724435,2.92324411788368,2.85277150088961,2.93383386317594,2.843603156281,NaN,NaN,0
0.5,0.374024200155683,0.494807918509046,-2.00390116638534,0.375592507301705,0.491991600582275,-2.01299428709934,0.749912975501944,0.945586246851898,-0.0415895813929829,0.377100415516158,0.511482167311529,-2.02586656642945,0.734733634851155,1.03302999329799,-0.0953585788102889,2.79622102352827,2.70755018435345,2.75871262952591,2.68843253379908,0.1393272,1,0
0.51,0.381464506083344,0.504490817268756,-2.00405855994778,0.383088563922777,0.501435375121034,-2.01337580058809,0.749290357015077,0.943157344083335,-0.0347127605056808,0.384438035368461,0.521807160788994,-2.02678231387489,0.732790335609496,1.03196870219493,-0.0877909102775766,2.79622102352827,2.70755018435345,2.75871262952591,2.68843253379908,NaN,NaN,0
0.52,0.388902427859085,0.51416110378431,-2.00421905314261,0.390578169853409,0.510854515745228,-2.01368853503001,0.748624361735943,0.940658925249357,-0.0278337559624429,0.391759674845518,0.532126831699222,-2.02763484010142,0.73153755980189,1.03196547985081,-0.0827143350278737,2.79622102352827,2.70755018435345,2.75871262952591,2.68843253379908,NaN,NaN,0
0.53,0.396337918995917,0.523818536299049,-2.00438264496674,0.398060937044608,0.520248311110777,-2.01393246811379,0.74792413237202,0.938087751379184,-0.0209524734223198,0.399065626923989,0.542445210861096,-2.02842691884158,0.729652855892181,1.03171035252393,-0.0757014130052323,2.79622102352827,2.70755018435345,2.75871262952591,2.68843253379908,NaN,NaN,0
0.54,0.403770933022045,0.533462873377662,-2.00454933439773,0.405536568841838,0.529616017414741,-2.01410757659773,0.747198805080954,0.935440569612878,-0.0140688206257916,0.406355915485672,0.552755295238688,-2.0291528861578,0.728404856444487,1.03030652299452,-0.0694920502392602,2.79622102352827,2.70755018435345,2.75871262952591,2.68843253379908,NaN,NaN,0
0.55,0.411201423481156,0.543093873912226,-2.00471912039376,0.413004859918723,0.53895685825467,-2.0142138363148,0.746457509309602,0.932714112851086,-0.0071827042358,0.427597443639552,0.554009403518246,-2.02828808805762,0.793191213933285,0.986746965576225,-0.0578547175721726,2.81922311092134,2.70813380046651,2.84712267149957,2.72537867491596,0.0914958,1,0
0.56,0.418629343932709,0.552711297128228,-2.00489200189368,0.420465638540806,0.548269837139729,-2.01425742496615,0.745696465392025,0.92986798499247,-0.00153459052994223,0.435533174110967,0.563863621014175,-2.02883918050572,0.793954880349632,0.984096533609534,-0.0523637720483272,2.81922311092134,2.70813380046651,2.84712267149957,2.72537867491596,NaN,NaN,0
0.57,0.426054647952226,0.562314902590588,-2.00506797781698,0.427918742368646,0.557553949725527,-2.01424451936174,0.744921364206792,0.926941388852016,0.00411615208747917,0.443472821538746,0.573696828437778,-2.02933993708231,0.793974605206169,0.982544951111028,-0.0477875432687099,2.81922311092134,2.70813380046651,2.84712267149957,2.72537867491596,NaN,NaN,0
0.58,0.433477289131579,0.571904450209671,-2.0052470470638,0.435363995247458,0.566808407425907,-2.01417509306564,0.744125089893118,0.923937545887101,0.00976955221216312,0.451407944078123,0.583511313315412,-2.02979182112031,0.793049902669155,0.980352024415861,-0.0425892643311709,2.81922311092134,2.70813380046651,2.84712267149957,2.72537867491596,NaN,NaN,0
0.59,0.440897221079287,0.581479700247285,-2.00542920851497,0.442801149881131,0.57603245393397,-2.01404911937579,0.743300530091785,0.920859690585664,0.0154256347909811,0.459341727270886,0.593303803886806,-2.03018867198212,0.793706735883567,0.978146089862765,-0.0367809080307575,2.81922311092134,2.70813380046651,2.84712267149957,2.72537867491596,NaN,NaN,0
0.6,0.448314397420798,0.591040413322679,-2.00561446103198,0.450229887868596,0.585225365355188,-2.01386657135095,0.742440576215791,0.917711071026682,0.0210844230347602,0.453973867916517,0.589534005850286,-2.02709819784962,0.733602966520313,0.912771255905534,-0.0201027160663529,2.90340448698433,2.74718204687864,2.86867166454574,2.79683148348268,0.1011681,1,0
0.61,0.455728771798784,0.600586350418523,-2.00580280345699,0.457649738405042,0.594386142141899,-2.01363642582464,0.741522869979149,0.914433891656453,0.0249451085044882,0.461310863235474,0.598647263360342,-2.02728085857929,0.733796097271213,0.909880246105691,-0.0164294298666084,2.90340448698433,2.74718204687864,2.86867166454574,2.79683148348268,NaN,NaN,0
0.62,0.46314029787343,0.610117272886887,-2.00599423461288,0.465060223266316,0.603513856785274,-2.01336766143096,0.740568563955356,0.911100790934787,0.0288081179247998,0.468641724679181,0.607729180802304,-2.02742117890084,0.732376191470102,0.906503242286599,-0.0116346344448381,2.90340448698433,2.74718204687864,2.86867166454574,2.79683148348268,NaN,NaN,0
0.63,0.470548929322722,0.619632942455206,-2.00618875330319,0.472461010176804,0.612608014506981,-2.01306025733559,0.739584406530925,0.907724653680558,0.0326729657177435,0.475957440070968,0.616780925496191,-2.02752203451662,0.730766886887327,0.903845696490811,-0.00853648871076936,2.90340448698433,2.74718204687864,2.86867166454574,2.79683148348268,NaN,NaN,0
0.64,0.477954619842738,0.629133121232236,-2.00638635831219,0.479851834464378,0.621668249309853,-2.01271419768494,0.738577170173536,0.904318351258498,0.0365391424391464,0.483260952095435,0.625798171348725,-2.0275917489455,0.729935518005958,0.899603474016018,-0.00540639706594228,2.90340448698433,2.74718204687864,2.86867166454574,2.79683148348268,NaN,NaN,0
0.65,0.485357323147935,0.638617571714002,-2.00658704840484,0.487232499305919,0.630694323841881,-2.01232947181114,0.737553652375312,0.900894741287748,0.0404061215140093,0.487819067525771,0.625472499303182,-2.01692384452006,0.716628723096845,0.853591516084065,0.0275219562990907,3.04888020560975,2.85249242993815,2.98328946433697,2.9901014887105,0.1816814,1,0
0.66,0.492756992971443,0.648086056789737,-2.00679082232683,0.494602623349738,0.639685292505838,-2.01192933603535,0.736470522502352,0.897301242390032,0.0396209588140401,0.494979202459542,0.63398571621864,-2.01665437577196,0.715398263657448,0.849051867007611,0.0263717933214589,3.04888020560975,2.85249242993815,2.98328946433697,2.9901014887105,NaN,NaN,0
0.67,0.500153583065349,0.657538339747806,-2.00699767880457,0.501961917556518,0.648640454314253,-2.01153705654234,0.735389735434512,0.893739430025804,0.0388346250679427,0.502115442108794,0.642459230290045,-2.01639353198159,0.711849666192983,0.845650947273343,0.0257969647525232,3.04888020560975,2.85249242993815,2.98328946433697,2.9901014887105,NaN,NaN,0
0.68,0.507547047200988,0.666974184281629,-2.00720761654522,0.509310467001539,0.657560307886323,-2.0111526521571,0.734323634024584,0.890245650837568,0.0380457070759748,0.5092298140904,0.650892957999716,-2.0161421314707,0.711024730128081,0.841094594660937,0.0244831374257765,3.04888020560975,2.85249242993815,2.98328946433697,2.9901014887105,NaN,NaN,0
0.69,0.514937339169235,0.676393354495583,-2.00742063423666,0.51664848059506,0.666445715184854,-2.01077615547088,0.733284642838063,0.886856227006897,0.0372528722416094,0.516328150932677,0.65927543622675,-2.0159022330264,0.708642638327437,0.835401050745814,0.0234965514343663,3.04888020560975,2.85249242993815,2.98328946433697,2.9901014887105,NaN,NaN,0
0.7,0.522324412780788,0.685795614910903,-2.00763673054753,0.52397629191203,0.675297901274417,-2.01040761181166,0.732285270660018,0.883607456775193,0.0364549132590497,0.53658110730699,0.683155466897367,-2.01567064305457,0.764812242469043,0.89815574163949,0.0230042089357238,3.05748363489143,3.03531057098851,3.06643596445203,3.06867018552956,0.1302447,1,0
0.71,0.529708221866461,0.695180730471569,-2.00785590412724,0.53129421106378,0.684117980373964,-2.01006178342948,0.73130726650009,0.880439416459553,0.0327097136844833,0.54423027067279,0.692119701799696,-2.01545685024361,0.765020430690838,0.894691238826309,0.0197543532560921,3.05748363489143,3.03531057098851,3.06643596445203,3.06867018552956,NaN,NaN,0
0.72,0.537088720277473,0.70454846655018,-2.00807815360594,0.538602606332149,0.692907324437065,-2.00975343827358,0.730379990029755,0.877461826433831,0.0289582948065965,0.551880357397247,0.701051556700337,-2.01528014812633,0.764996914200584,0.891679741301947,0.0155860702009778,3.05748363489143,3.03531057098851,3.06643596445203,3.06867018552956,NaN,NaN,0
0.73,0.54446586188573,0.713898588953823,-2.00830347759458,0.545901969908163,0.701667879287639,-2.00948263766271,0.729500427352118,0.874682952156751,0.0252008385801428,0.559525313495404,0.709956670681036,-2.0151500353827,0.763994305430919,0.889343054837904,0.0104364785239537,3.05748363489143,3.03531057098851,3.06643596445203,3.06867018552956,NaN,NaN,0
0.74,0.551839600584124,0.723230863929924,-2.00853187468488,0.553192763942285,0.710401673441633,-2.00924944087923,0.728665584261225,0.872111066554231,0.02143757071536,0.567161799322048,0.718841740003439,-2.01506848340846,0.763302859897878,0.887670809642728,0.00587391632450456,3.05748363489143,3.03531057098851,3.06643596445203,3.06867018552956,NaN,NaN,0
0.75,0.55920989028681,0.732545058172095,-2.00876334344937,0.560475420741631,0.719110818181032,-2.0090539047198,0.72787248630424,0.869754449883379,0.0176687630467844,0.585733390127785,0.719374733465067,-2.01169776086816,0.80887583769811,0.850854212687331,0.0121057770215222,3.00151217084002,3.02085044749548,3.06747691894265,3.02735327137604,0.1412327,1,0
0.76,0.566576684929502,0.741840938825965,-2.00899788244136,0.567750371648962,0.727797602366212,-2.0088914712682,0.727122709247382,0.867639286518166,0.0148171168774138,0.593823175329235,0.727866481330301,-2.01159019903785,0.809081202592037,0.84749536035949,0.00940658903961233,3.00151217084002,3.02085044749548,3.06747691894265,3.02735327137604,NaN,NaN,0
0.77,0.573939938469757,0.751118273495002,-2.00923549019499,0.575017947364218,0.736464341477893,-2.00875757755724,0.726394663475108,0.865745394352702,0.0119609177718932,0.601917979730069,0.736331911973449,-2.01150754983327,0.809879677574645,0.845590768270126,0.00712325187742336,3.00151217084002,3.02085044749548,3.06747691894265,3.02735327137604,NaN,NaN,0
0.78,0.581299604887266,0.760376830246323,-2.00947616522521,0.582278281667577,0.745113247065792,-2.00865226604844,0.725671642436562,0.864072547205363,0.00910077781040641,0.610031226022272,0.744783032213262,-2.01144884366147,0.812769580866037,0.844633279692514,0.00461798248232994,3.00151217084002,3.02085044749548,3.06747691894265,3.02735327137604,NaN,NaN,0
0.79,0.588655638184136,0.76961637761649,-2.0097199060278,0.589531341273536,0.753746528606529,-2.00857557311271,0.72493693958132,0.862620556684998,0.00623730447804919,0.618160938553158,0.753219845907329,-2.01141048042823,0.813172925311108,0.84272945912085,0.00305466416570492,3.00151217084002,3.02085044749548,3.06747691894265,3.02735327137604,NaN,NaN,0
0.8,0.596007992385184,0.778836684617301,-2.00996671107938,0.596776925831972,0.76236639388283,-2.00852752903312,0.724173848571005,0.861389272441181,0.00337110929680843,0.618686277648389,0.760567584850436,-2.01120940173496,0.782883853117237,0.836195507618925,0.00114537641281897,3.05707272808023,2.99449238470744,3.07905365474105,2.97656085614699,0.1118484,1,0
0.81,0.603356621538219,0.788037520741561,-2.01021657883742,0.604014676194352,0.770975051598312,-2.00850774076025,0.723368315502174,0.860378579523993,0.000586244621527841,0.626516638292396,0.768925293286537,-2.01120854228693,0.783188275684143,0.835346179601227,-0.00097348680793177,3.05707272808023,2.99449238470744,3.07905365474105,2.97656085614699,NaN,NaN,0
0.82,0.610701479714334,0.797218655968846,-2.01046950774025,0.61124412598898,0.779574683141751,-2.00851580919645,0.722512936262668,0.859583187516342,-0.00220013763893717,0.634353238836188,0.777275005575586,-2.01123234277141,0.784131833074244,0.834596278208618,-0.00378661008688115,3.05707272808023,2.99449238470744,3.07905365474105,2.97656085614699,NaN,NaN,0
0.83,0.618042521008189,0.806379860771253,-2.01072549620706,0.618464752778284,0.788167416025797,-2.00855174671314,0.721602914359234,0.858997999046069,-0.0049874807352405,0.642196436659669,0.785612334539522,-2.01126964799101,0.78450773162186,0.832869514578586,-0.00367443383434294,3.05707272808023,2.99449238470744,3.07905365474105,2.97656085614699,NaN,NaN,0
0.84,0.625379699538299,0.81552090611914,-2.01098454263793,0.625675986119781,0.796755326847528,-2.00861556023579,0.720633445265761,0.858617928435032,-0.00777525196892497,0.650033399775797,0.793945853246965,-2.01130264929846,0.782884891603726,0.833834226910074,-0.00292582765523758,3.05707272808023,2.99449238470744,3.07905365474105,2.97656085614699,NaN,NaN,0
0.85,0.632712969447323,0.824641563486849,-2.01124664541381,0.632877207484638,0.805340441407289,-2.00870725147656,0.719599716201509,0.858437902076063,-0.0105629411117583,0.650617756456147,0.807078022168854,-2.01115196399916,0.755465459280378,0.851987084645576,-0.00487312841092674,3.05476817521038,2.98520248225036,3.05041838195537,2.94525113332216,0.1008787,1,0
0.86,0.640042284902347,0.833741604858422,-2.01151180289657,0.640067785430785,0.813924733295255,-2.00882383654925,0.71850463299353,0.858451953568548,-0.0127539463976819,0.658166416474883,0.815603070923284,-2.01121298808127,0.75426654446683,0.85302266624044,-0.00733168801160972,3.05476817521038,2.98520248225036,3.05041838195537,2.94525113332216,NaN,NaN,0
0.87,0.647367600095174,0.842820802733296,-2.01178001342897,0.647247079433029,0.822510093496733,-2.00896232727264,0.717343335621574,0.858649910312228,-0.0149440140949365,0.665708626760936,0.824136923841381,-2.01130090223718,0.754175512743796,0.853747917379061,-0.0102511431700458,3.05476817521038,2.98520248225036,3.05041838195537,2.94525113332216,NaN,NaN,0
0.88,0.654688869242608,0.851878930131999,-2.0120512753347,0.654414439559441,0.831098311421769,-2.00912271265322,0.716118262377077,0.85902184296977,-0.0171328302837205,0.673245684160987,0.832677363899668,-2.0114096270754,0.753235967266346,0.854340094278282,-0.0114938244725867,3.05476817521038,2.98520248225036,3.05041838195537,2.94525113332216,NaN,NaN,0
0.89,0.66200604658674,0.860915760601818,-2.01232558691837,0.661569240150521,0.839691077161888,-2.00930497884119,0.714831829358791,0.859557817191294,-0.0193201371018714,0.680775741594999,0.841221140833746,-2.01154062602438,0.752775519536221,0.854415292537277,-0.0147059653242426,3.05476817521038,2.98520248225036,3.05041838195537,2.94525113332216,NaN,NaN,0
0.9,0.669319086395236,0.86993106822246,-2.01260294646553,0.66871087959441,0.848289981440447,-2.00950910967529,0.713486429900996,0.860247893706813,-0.0215057295890908,0.67487357691565,0.858147837344612,-2.01205434122802,0.699926547867923,0.888331952986357,-0.0184028180987242,3.03383092455726,2.97429338480321,3.00498624198029,2.90738417199906,0.0871979,1,0
0.91,0.676627942961621,0.878924627611707,-2.01288335224269,0.675838849566247,0.856896474194782,-2.00973029015038,0.712098985579436,0.861073117932654,-0.0227300591277322,0.681867074479289,0.867043915724987,-2.0122424659199,0.698772964859908,0.890883723088482,-0.0192221202773807,3.03383092455726,2.97429338480321,3.00498624198029,2.90738417199906,NaN,NaN,0
0.92,0.683932570605565,0.88789621393104,-2.01316680249731,0.682952702959468,0.865511866279657,-2.00996370485583,0.710664635912579,0.862025085562272,-0.0239525905296377,0.688842885334647,0.875962112752658,-2.01244763288488,0.696389206211687,0.8927556824458,-0.0218112727188968,3.03383092455726,2.97429338480321,3.00498624198029,2.90738417199906,NaN,NaN,0
0.93,0.691232923673169,0.896845602891269,-2.01345329545784,0.690052016302986,0.87413734486322,-2.01020933637453,0.709192490381094,0.863087739576643,-0.0251734481231998,0.695795086337021,0.884903605312506,-2.01267005516388,0.694050994263004,0.895542829523859,-0.0226731830822482,3.03383092455726,2.97429338480321,3.00498624198029,2.90738417199906,NaN,NaN,0
0.94,0.69852895653725,0.905772570758137,-2.01374282933368,0.697136457009524,0.882773936427704,-2.01046716885982,0.707691616144851,0.864244999760607,-0.0263928199578656,0.702724542760369,0.893864792132823,-2.01290521573744,0.691840290406665,0.896694534539368,-0.0243589316291748,3.03383092455726,2.97429338480321,3.00498624198029,2.90738417199906,NaN,NaN,0
0.95,0.705820623597627,0.914676894357911,-2.01403540231526,0.704205782948786,0.891422506535828,-2.0107371886214,0.706171037320964,0.86548076236641,-0.0276109475456011,0.709036811967095,0.894399787394575,-2.01272841616154,0.686973966177828,0.866260771163314,-0.0241938805587859,3.07068036425534,2.91918746215168,3.0434493232329,2.8780273184454,0.1084816,1,0
0.96,0.713107879281404,0.923558351082966,-2.01433101257399,0.711259847465134,0.900083757329054,-2.01101900338361,0.704640741257939,0.866778976500299,-0.0287518622653969,0.715896243002795,0.903072221126426,-2.01297441051096,0.684912240962233,0.86822597520682,-0.0250049893237248,3.07068036425534,2.91918746215168,3.0434493232329,2.8780273184454,NaN,NaN,0
0.97,0.720390678043256,0.932416718897345,-2.01462965826231,0.718298588472607,0.908758261493448,-2.01131222338148,0.703107653928306,0.868129818179144,-0.0298920319512614,0.722733795318712,0.911759216400582,-2.01323147028988,0.682598222221151,0.86917307962444,-0.0264069664615144,3.07068036425534,2.91918746215168,3.0434493232329,2.8780273184454,NaN,NaN,0
0.98,0.727668974365716,0.941251776342316,-2.01493133751368,0.725322017566278,0.917446496714503,-2.01161684230724,0.701579672475643,0.869523565653158,-0.0310316873963092,0.729545874817756,0.920455878865937,-2.0134987480155,0.679817677587577,0.870159413446539,-0.0270485786612161,3.07068036425534,2.91918746215168,3.0434493232329,2.8780273184454,NaN,NaN,0
0.99,0.734942722759455,0.950063302541902,-2.01523604844262,0.732330225178978,0.926148843346192,-2.01193285622156,0.700064667152838,0.870950474241231,-0.0321710707070082,0.73633229898381,0.9291713539867,-2.01376778704501,0.677467155623275,0.872935610706008,-0.0267592272412133,3.07068036425534,2.91918746215168,3.0434493232329,2.8780273184454,NaN,NaN,0
1,0.742211877763569,0.958851077208406,-2.01554378914468,0.73932338030773,0.93486558417784,-2.01226026364311,0.698570480389846,0.872400775567544,-0.0333104306005787,0.74405931294029,0.924210666195374,-2.00990223169307,0.679083681563164,0.823306732143388,-0.0159163614291686,3.04202697624857,2.96504086839666,3.00789869581652,2.95289527220652,0.1206073,1,0
1.01,0.749476393945863,0.96761488064792,-2.01585455769648,0.746301695790508,0.943596942010039,-2.01260141992701,0.697098155177808,0.873872871233047,-0.0349208772384216,0.750842167774781,0.932445564571799,-2.01006287549003,0.677487285335016,0.823672943141576,-0.0162123979645008,3.04202697624857,2.96504086839666,3.00789869581652,2.95289527220652,NaN,NaN,0
1.02,0.756736225903134,0.976354493765815,-2.01616835215571,0.753265469064033,0.95234307923815,-2.01295868246192,0.695663525554496,0.87535625664241,-0.0365317057872747,0.757606365756167,0.940680013461227,-2.01022538141437,0.675352310942115,0.823216834743973,-0.0162887869018355,3.04202697624857,2.96504086839666,3.00789869581652,2.95289527220652,NaN,NaN,0
1.03,0.763991328261457,0.985069698072217,-2.01648517056117,0.760215121682814,0.961104096768659,-2.0133320558002,0.694275510056257,0.876848528819573,-0.0381430611855493,0.764347648658175,0.948907350467845,-2.01039178304663,0.672904269459453,0.822250566579656,-0.0169915395508861,3.04202697624857,2.96504086839666,3.00789869581652,2.95289527220652,NaN,NaN,0
1.04,0.771241655676465,0.993760275687473,-2.01680501093274,0.767151164350859,0.969880071334091,-2.01372154588805,0.692943020023463,0.878347255885031,-0.0397550768422132,0.771069785156339,0.957132757311971,-2.01056283166392,0.671523030173362,0.822830802245498,-0.0172181839066422,3.04202697624857,2.96504086839666,3.00789869581652,2.95289527220652,NaN,NaN,0
1.05,0.778487162833636,1.0024260093476,-2.01712787127142,0.774074196848995,0.978671055202063,-2.01412715993755,0.69167495945428,0.879849976672459,-0.0413678720969198,0.786068502066985,0.966459024939895,-2.00459300054909,0.699192423606588,0.828331310833882,-0.000816809227844936,3.07885969012367,2.95419711736802,3.06474752171169,2.94038873170833,0.0752937,1,0
1.06,0.785727804448573,1.01106668240969,-2.01745374955933,0.780984870366528,0.987477119726973,-2.01455183617383,0.690472360580545,0.881362899713843,-0.0435675268470678,0.793053722415201,0.974743281221547,-2.00460510714614,0.697851646036674,0.828519945496331,-0.00160451018309783,3.07885969012367,2.95419711736802,3.06474752171169,2.94038873170833,NaN,NaN,0
1.07,0.79296353526729,1.01968207885739,-2.01778264375974,0.787883902854409,0.996298306992567,-2.01499851357096,0.689347399486149,0.882873961119308,-0.0457681102348928,0.800021033059466,0.983026901524286,-2.00462851972781,0.695610482816296,0.828204115051564,-0.00307800615134471,3.07885969012367,2.95419711736802,3.06474752171169,2.94038873170833,NaN,NaN,0
1.08,0.800194310066493,1.02827198330623,-2.01811455181705,0.794772090051079,1.00513458144647,-2.01546720157883,0.688303946468818,0.884379771144204,-0.047969653385848,0.806971533163516,0.991315621196172,-2.00466630080723,0.694489537993629,0.829539819325736,-0.00447820973216312,3.07885969012367,2.95419711736802,3.06474752171169,2.94038873170833,NaN,NaN,0
1.09,0.807420083653863,1.03683618100903,-2.01844947165685,0.8016502663425,1.01398587356216,-2.01595790991,0.687345860684345,0.885876924658992,-0.0501721775800199,0.813910295095176,0.999611419689782,-2.00471812468257,0.693262848338372,0.829619879396092,-0.00588656533558388,3.07885969012367,2.95419711736802,3.06474752171169,2.94038873170833,NaN,NaN,0
1.1,0.814640810868339,1.04537445786132,-2.01878740118588,0.808519304649209,1.02285207968375,-2.01647064843743,0.686476989840819,0.887362000873885,-0.0523756934944919,0.825392180921147,1.00715793410864,-2.00196208969267,0.708700924119297,0.82783448024451,0.000128602127827511,3.13801999166127,2.99823633293098,3.16567284426606,2.98879525730109,0.1010729,1,0
1.11,0.821856446580398,1.0538866004066,-2.01912833829209,0.815380028716332,1.03173321643592,-2.01701594772675,0.685683071126789,0.888862442244222,-0.0566843252036936,0.832477818086987,1.0154328739509,-2.00197880199313,0.708426509048671,0.827153488205985,-0.00347106221908488,3.13801999166127,2.99823633293098,3.16567284426606,2.98879525730109,NaN,NaN,0
1.12,0.829066945692341,1.06237239584177,-2.01947228084461,0.822233259283993,1.04062926504738,-2.01760433801257,0.684977115691273,0.890343839956503,-0.0609938787652663,0.839551244263384,1.02370973799305,-2.00202844017927,0.706258726230727,0.828219320224913,-0.00645657500920642,3.13801999166127,2.99823633293098,3.16567284426606,2.98879525730109,NaN,NaN,0
1.13,0.836272263138573,1.07083163202237,-2.01981922669382,0.829079840737365,1.04954001913464,-2.01823582811829,0.68435207201501,0.891803008285697,-0.06530427767353,0.846615561434895,1.0319919895237,-2.00211069858177,0.706604708071537,0.828230985905457,-0.00999510549085967,3.13801999166127,2.99823633293098,3.16567284426606,2.98879525730109,NaN,NaN,0
1.14,0.843472353885882,1.07926409746794,-2.0201691736713,0.83592054688618,1.05846524056777,-2.01891042617499,0.683800876494855,0.893236783782873,-0.0696154596868398,0.853675972722616,1.04027353806746,-2.00223040654145,0.705477549472653,0.828078722845275,-0.0139464864439922,3.13801999166127,2.99823633293098,3.16567284426606,2.98879525730109,NaN,NaN,0
1.15,0.850667172933725,1.08766958136729,-2.02052211958988,0.842756080842851,1.06740465969662,-2.01962813975555,0.683316453234662,0.894642025968563,-0.0739273751190121,0.849726924114594,1.0491667730952,-2.00829538789176,0.667798939094174,0.829745837917523,-0.0335591588949452,3.08028414076718,2.95594132488598,3.07232387651127,2.93841491102563,0.123837,1,0
1.16,0.857856675314507,1.09604787358375,-2.02087806224365,0.849587121787975,1.07635783822872,-2.02037882035353,0.682901674681364,0.895988137366284,-0.0762088598614454,0.856396213194823,1.0574651888158,-2.00864173781827,0.666058876951686,0.829937306202459,-0.0357108264071397,3.08028414076718,2.95594132488598,3.07232387651127,2.93841491102563,NaN,NaN,0
1.17,0.86504081609386,1.10439876466046,-2.02123699940797,0.856414316873365,1.08532430412643,-2.02115231929424,0.682547656597413,0.897298753153831,-0.0784910467494018,0.863056170816263,1.06576712239963,-2.00901014719915,0.665932647336373,0.830449410563791,-0.0379710497686248,3.08028414076718,2.95594132488598,3.07232387651127,2.93841491102563,NaN,NaN,0
1.18,0.872219550370928,1.11272204582557,-2.02159892883949,0.863238284932994,1.09430368003769,-2.0219486436767,0.682256641825217,0.898569392351273,-0.0807739497759564,0.8697089113564,1.07407152535606,-2.0094054847609,0.664615460691061,0.830431180722182,-0.0410964625829953,3.08028414076718,2.95594132488598,3.07232387651127,2.93841491102563,NaN,NaN,0
1.19,0.879392833278646,1.12101750899749,-2.02196384827615,0.870059667138194,1.10329554374684,-2.02276780069304,0.682030854927856,0.899795563200141,-0.0830575734479431,0.876352217551664,1.08237831458535,-2.00982638251704,0.664045778361736,0.830926665135635,-0.043083088645017,3.08028414076718,2.95594132488598,3.07232387651127,2.93841491102563,NaN,NaN,0
1.2,0.886560619984019,1.12928494679007,-2.0223317554372,0.876879126812882,1.11229942806622,-2.02360979753003,0.681872501793521,0.900972763039143,-0.0853419120647686,0.882762276856488,1.09710615260424,-2.01354855725844,0.663237200475591,0.851803248961275,-0.0534897887995542,3.06497942974151,2.91597705817595,3.06783671040628,2.90256549986584,0.0644049,1,0
1.21,0.893722865688402,1.1375241525178,-2.02270264802322,0.883697352065734,1.12131477613095,-2.02447065794936,0.681784006392494,0.902087705380791,-0.086830284352596,0.889391830177201,1.10562344993233,-2.0140903046865,0.662673463666968,0.851656216656585,-0.0548596968122272,3.06497942974151,2.91597705817595,3.06783671040628,2.90256549986584,NaN,NaN,0
1.22,0.900879525627785,1.14573492020096,-2.02307652371614,0.890515034999418,1.13034099325709,-2.02534640540274,0.681763928044657,0.903145972692748,-0.0883193121785905,0.896020628028515,1.11414011614131,-2.01464049230392,0.663086106595977,0.851677025138177,-0.0551778266727805,3.06497942974151,2.91597705817595,3.06783671040628,2.90256549986584,NaN,NaN,0
1.23,0.908030555073064,1.15391704457079,-2.02345338017923,0.897332856459214,1.13937749461528,-2.02623704623648,0.681811598908501,0.904143949149255,-0.0898089528946696,0.902648799478087,1.12265916480145,-2.01519580851151,0.662548183318401,0.852132706891035,-0.0558854148455334,3.06497942974151,2.91597705817595,3.06783671040628,2.90256549986584,NaN,NaN,0
1.24,0.91517590933033,1.16207032107461,-2.02383321505714,0.904151490527665,1.14842365921774,-2.02714258634478,0.681926334219266,0.905078018910262,-0.0912991586691766,0.909276784351254,1.13117714412499,-2.01575632803854,0.663048791314899,0.851463157816235,-0.0562184905603236,3.06497942974151,2.91597705817595,3.06783671040628,2.90256549986584,NaN,NaN,0
1.25,0.922315543741143,1.17019454588092,-2.02421602597591,0.910971604353586,1.1574788299187,-2.02806303111612,0.682107431938257,0.905944566241974,-0.0927898761243362,0.923207230058902,1.14429560445521,-2.01279308590437,0.686314084395173,0.865214279961412,-0.0495254490979949,3.05433627982813,2.8962374279816,3.0750087877501,2.86029929269359,0.1143057,1,0
1.26,0.929449413682809,1.17828951588454,-2.02460181054297,0.917793849777556,1.16654228882877,-2.02899565729269,0.682352124762148,0.906734631812614,-0.0937354336757286,0.930066470720317,1.15294799898565,-2.0132932127912,0.685534047887732,0.86526462612528,-0.050499928269222,3.05433627982813,2.8962374279816,3.0750087877501,2.86029929269359,NaN,NaN,0
1.27,0.936577474568665,1.18635502871163,-2.02499056634717,0.924618848072762,1.1756132550391,-2.02993774125698,0.682657183271607,0.907444443240993,-0.0946814309624539,0.936921956096847,1.16160768325762,-2.01380177983314,0.685563027418233,0.866672228268865,-0.0512134801180265,3.05433627982813,2.8962374279816,3.0750087877501,2.86029929269359,NaN,NaN,0
1.28,0.943699681848353,1.19439088272478,-2.02538229095878,0.931447178133435,1.1846908785478,-2.03088928730006,0.683017647386255,0.908064511570037,-0.0956278441059739,0.943780171412626,1.17027708081759,-2.01431943176998,0.686080035737629,0.86720728372665,-0.0523169072501757,3.05433627982813,2.8962374279816,3.0750087877501,2.86029929269359,NaN,NaN,0
1.29,0.950815991008102,1.20239687702808,-2.02577698192953,0.93827936902461,1.19377421455864,-2.03185029939006,0.683428511174225,0.908585367004713,-0.0965746318484012,0.950638607267127,1.17894425718381,-2.01484673883818,0.685607135162543,0.866227989517085,-0.0531445063898326,3.05433627982813,2.8962374279816,3.0750087877501,2.86029929269359,NaN,NaN,0
1.3,0.957926357571003,1.21037281147208,-2.02617463679259,0.945115899518417,1.20286222367633,-2.03282078098189,0.683884721813194,0.908997559657568,-0.0975217322502466,0.947388388498574,1.18764011358125,-2.01252987179374,0.654390131626826,0.865918343115909,-0.0459842635769294,3.04369089892815,2.93291323470372,3.03527804468407,2.91115160459026,0.1201378,1,0
1.31,0.965030737097287,1.21831848665883,-2.02657525306264,0.951957208273018,1.21195377866113,-2.03380228274704,0.684383927407829,0.909293233498554,-0.0987786462007808,0.953933098653291,1.19629416719555,-2.01299303445048,0.654551899316609,0.864892379744874,-0.0466482677715327,3.04369089892815,2.93291323470372,3.03527804468407,2.91115160459026,NaN,NaN,0
1.32,0.972129085184605,1.22623370394687,-2.02697882823581,0.958803719387663,1.22104767506128,-2.03479635413816,0.684925528350357,0.909464921465297,-0.100035629056929,0.960477696062382,1.20493617200933,-2.01346953497433,0.65436758250163,0.863508583009872,-0.0486518369978651,3.04369089892815,2.93291323470372,3.03527804468407,2.91115160459026,NaN,NaN,0
1.33,0.979221357468306,1.23411826545617,-2.02738535978976,0.965655866802527,1.23014264536173,-2.03580299495365,0.685511517049077,0.90950709045352,-0.101292498751196,0.967016038254353,1.21356875458738,-2.01395448324819,0.65330085589252,0.863007932601619,-0.0483378177740528,3.04369089892815,2.93291323470372,3.03527804468407,2.91115160459026,NaN,NaN,0
1.34,0.986307509621709,1.24197197407312,-2.02779484518368,0.972514104233162,1.23923736666113,-2.03682220305145,0.686143856092801,0.909414196309104,-0.102549049086095,0.973548920132585,1.22219696196063,-2.01444710909403,0.653275519753966,0.862633542047688,-0.0501873513937112,3.04369089892815,2.93291323470372,3.03527804468407,2.91115160459026,NaN,NaN,0
1.35,0.993387497356389,1.2497946334554,-2.02820728185828,0.979378904869953,1.24833046056143,-2.03785397410251,0.686824477781518,0.909180683851515,-0.103805048687113,0.981954058032004,1.23255292136735,-2.02073906932912,0.659454211678925,0.868858258416016,-0.066192307321819,3.0303906926933,2.89921846768714,3.03238326418499,2.88312773941966,0.0925283,1,0
1.36,1.00046127642244,1.25758604803694,-2.02862266723583,0.986250736362019,1.25742050520443,-2.03889505505012,0.687550063603612,0.908803688964583,-0.104410986421705,0.988553880456312,1.2412392040648,-2.02140082128779,0.660510273182615,0.868398281074493,-0.0661580844124431,3.0303906926933,2.89921846768714,3.03238326418499,2.88312773941966,NaN,NaN,0
1.37,1.00752880260878,1.26534602303277,-2.02904099872017,0.993130069643514,1.26650603620528,-2.03994219030908,0.688324699014796,0.908277253513939,-0.105015867007488,0.995163332713512,1.24991819805762,-2.02205460422103,0.661380178257404,0.867400517488545,-0.0645985022366492,3.0303906926933,2.89921846768714,3.03238326418499,2.88312773941966,NaN,NaN,0
1.38,1.01459003174337,1.27307436444394,-2.02946227369674,1.00001739106773,1.27558553810454,-2.04099536795969,0.689147551179368,0.90759716708793,-0.105619417812236,1.00177445707471,1.25858715480386,-2.02269914442981,0.660844693982839,0.86639083176083,-0.0643095395182272,3.0303906926933,2.89921846768714,3.03238326418499,2.88312773941966,NaN,NaN,0
1.39,1.02164491969358,1.28077087906229,-2.02988648953257,1.00691317852951,1.28465745334952,-2.04205457326534,0.690017761184189,0.906759221487139,-0.106221347998683,1.00839162656395,1.26724922703588,-2.0233436686096,0.662589203864655,0.866023614641886,-0.0645952964413723,3.0303906926933,2.89921846768714,3.03238326418499,2.88312773941966,NaN,NaN,0
1.4,1.02869342236635,1.28843537447538,-2.03031364357631,1.01381790120265,1.29372018231753,-2.04311978848795,0.690934443667678,0.905759210948938,-0.106821348030357,1.01566827305303,1.28743079784218,-2.03038492620643,0.666099759912338,0.898710205098781,-0.0804067952277356,2.99514214896449,2.889310549271,2.99439785668606,2.87327837988883,0.0768549,1,0
1.41,1.03573549570859,1.29606765907121,-2.03074373315825,1.02073198208176,1.30277212803415,-2.04418711850055,0.691889245911981,0.904602094066767,-0.106644252233596,1.02233554771269,1.29641918613511,-2.03118733840095,0.667355172019127,0.898967453487616,-0.0800756436756423,2.99514214896449,2.889310549271,2.99439785668606,2.87327837988883,NaN,NaN,0
1.42,1.04277109570735,1.30366754204307,-2.03117675559033,1.02765583596675,1.31181166054298,-2.04525266489025,0.692889001045707,0.903275880413507,-0.106464563031346,1.02900870211806,1.30540324766093,-2.03198771928866,0.667275709055156,0.89784485167556,-0.0800005338670887,2.99514214896449,2.889310549271,2.99439785668606,2.87327837988883,NaN,NaN,0
1.43,1.04980017839016,1.31123483339428,-2.03161270816615,1.03458991102893,1.32083706820685,-2.04631639987549,0.693933433176816,0.901776436091329,-0.106281907412037,1.03568274567505,1.31437580684503,-2.03277964860384,0.667533002342639,0.89666698514416,-0.0783853291700776,2.99514214896449,2.889310549271,2.99439785668606,2.87327837988883,NaN,NaN,0
1.44,1.05682269982527,1.31876934394295,-2.03205158816103,1.04153465254905,1.32984659804979,-2.04737829183848,0.695022240045787,0.900099627274028,-0.106095891061061,1.04236635048776,1.32333030083435,-2.03356610118077,0.669187960200425,0.894231812721071,-0.0789051862151933,2.99514214896449,2.889310549271,2.99439785668606,2.87327837988883,NaN,NaN,0
1.45,1.06383861612195,1.3262708853267,-2.03249339283196,1.04849050265217,1.33883845575877,-2.04843830510976,0.69615509271418,0.898241320406973,-0.105906097882722,1.04688661854074,1.33136315559978,-2.03905048103397,0.663750723142458,0.890720111084799,-0.0904136800073854,2.9850841673628,2.86713918240472,2.98659989807775,2.85983884103885,0.0508219,1,0
1.46,1.07084788343073,1.3337392700074,-2.03293811941766,1.05545787318952,1.34781085236873,-2.04949417261431,0.697326182205659,0.896207040613189,-0.105266670641083,1.05352458789636,1.34026028939512,-2.03994879489643,0.663843147980835,0.888706647983171,-0.0892490924852652,2.9850841673628,2.86713918240472,2.98659989807775,2.85983884103885,NaN,NaN,0
1.47,1.07785045794374,1.34117431127581,-2.0333857651386,1.06243716800314,1.35676197409074,-2.05054362319944,0.698539783216835,0.893986016854598,-0.104622646133271,1.06016217449159,1.3491350068313,-2.04083753762527,0.663674171064696,0.886236839253817,-0.08849945328297,2.9850841673628,2.86713918240472,2.98659989807775,2.85983884103885,NaN,NaN,0
1.48,1.08484629589489,1.34857582325629,-2.03383632719698,1.06942880723879,1.36568994371256,-2.05158660884027,0.699794899169752,0.891576295246679,-0.103973612285566,1.06679491284859,1.35798135077918,-2.04171062932538,0.662873500335925,0.883031950321929,-0.08611888673884,2.9850841673628,2.86713918240472,2.98659989807775,2.85983884103885,NaN,NaN,0
1.49,1.09183535356022,1.35594362091143,-2.0342898027768,1.07643320099557,1.37459286450244,-2.05262307734214,0.701090517289679,0.888975925804941,-0.103319147203084,1.07343098336396,1.36679261172415,-2.04256507527133,0.664340602738385,0.879220238671186,-0.0847703024517089,2.9850841673628,2.86713918240472,2.98659989807775,2.85983884103885,NaN,NaN,0
1.5,1.09881758725814,1.36327752004667,-2.03474618904384,1.08345074916328,1.38346882024903,-2.05365297224197,0.702425608467056,0.886182962615631,-0.102658819077948,1.08604321992302,1.38060624740125,-2.0483285803134,0.681087123949958,0.889601804023015,-0.0974718346647798,2.9118326732175,2.72789628603202,2.93070945116751,2.70877058316974,0.1077361,1,0
1.51,1.10579295334972,1.37057733731491,-2.03520548314569,1.09048159443456,1.3923164038471,-2.05465876523547,0.703749191706477,0.883302102342661,-0.0984987278658531,1.09286876071657,1.38949325513478,-2.04928900411764,0.684021034760618,0.887799742683975,-0.0946129261846884,2.9118326732175,2.72789628603202,2.93070945116751,2.70877058316974,NaN,NaN,0
1.52,1.11276140823895,1.3778428902211,-2.03566768221174,1.09752583930066,1.40113422133497,-2.05562292497076,0.705104664710226,0.880228954721305,-0.0943320873506171,1.0997203808268,1.39835904416635,-2.05021496155103,0.686302987283986,0.885358063629403,-0.0905785604926454,2.9118326732175,2.72789628603202,2.93070945116751,2.70877058316974,NaN,NaN,0
1.53,1.11972290837299,1.3850739971268,-2.03613278335328,1.10458377671694,1.40992032631025,-2.05654538351428,0.706486832938046,0.876958818674757,-0.0901584055868336,1.10659885568663,1.40719502651703,-2.05110662736818,0.689391984682132,0.881838406505488,-0.0877546029380386,2.9118326732175,2.72789628603202,2.93070945116751,2.70877058316974,NaN,NaN,0
1.54,1.1266774102425,1.39227047725471,-2.03660078366341,1.11165564750995,1.41867272550247,-2.05742606789578,0.70789046508313,0.873487021817182,-0.0859771669773683,1.11350155592461,1.415997505941,-2.05197095000997,0.691148062914202,0.878657478289293,-0.0851099254180644,2.9118326732175,2.72789628603202,2.93070945116751,2.70877058316974,NaN,NaN,0
1.55,1.13362487038187,1.39943215069321,-2.03707168021713,1.11874164000737,1.42738937906466,-2.05826489986555,0.70931029260221,0.869808921398468,-0.0817878310112514,1.11473751218248,1.42377776890774,-2.05557509480907,0.676628183463476,0.872335366215469,-0.0863391036576121,2.92919052682366,2.75954215493681,2.93802503247529,2.75281268275002,0.0771481,1,0
1.56,1.14056524536948,1.40655883840082,-2.03754547007134,1.12584195426625,1.43606803067979,-2.05906597340016,0.71075414457911,0.865885798977473,-0.0784253774091594,1.12151304403494,1.43247998198151,-2.05643043594716,0.678478187028894,0.868107248538476,-0.0847291239602103,2.92919052682366,2.75954215493681,2.93802503247529,2.75281268275002,NaN,NaN,0
1.57,1.14749849182803,1.41365036221073,-2.03802215026486,1.13295674966848,1.44470638026926,-2.05983337659525,0.712206026772309,0.86174824464439,-0.0750536779467185,1.12830420955428,1.44114164305367,-2.05725380755033,0.679754916839506,0.864224965892174,-0.0799451966731252,2.92919052682366,2.75954215493681,2.93802503247529,2.75281268275002,NaN,NaN,0
1.58,1.15442456642474,1.42070654483522,-2.03850171781844,1.14008609164916,1.4533022753942,-2.06056701442163,0.713662962561443,0.857394637354514,-0.0716722169228801,1.13510674916525,1.44976820359429,-2.05803966571838,0.680753005354012,0.86108714223289,-0.0772264369380653,2.92919052682366,2.75954215493681,2.93802503247529,2.75281268275002,NaN,NaN,0
1.59,1.16134342587166,1.42772720987007,-2.03898416973478,1.14723001578081,1.4618535474931,-2.06126678664516,0.715121956034268,0.852823373692678,-0.0682804690077304,1.14191852934229,1.45836107807031,-2.05879121539428,0.681603030054097,0.857487752970871,-0.0730834982405441,2.92919052682366,2.75954215493681,2.93802503247529,2.75281268275002,NaN,NaN,0
1.6,1.16825502692595,1.43471218179905,-2.03946950299856,1.15438852757997,1.47035801206029,-2.06193258772943,0.716579991894841,0.848032868321273,-0.0648778990523334,1.14996300230015,1.47270943182643,-2.0665179162254,0.68642200630712,0.869798459641852,-0.0869538115430734,2.94518321869465,2.72932368913975,2.95727330210612,2.72929138184595,0.0813812,1,0
1.61,1.17515932639013,1.4416612859982,-2.03995771457644,1.16156159016847,1.47881350993664,-2.06256353714608,0.718031544354408,0.843029971116435,-0.0613100551877223,1.15684169195833,1.48138602518156,-2.06737139991086,0.689315925328217,0.865520211384541,-0.0837429255485463,2.94518321869465,2.72932368913975,2.95727330210612,2.72929138184595,NaN,NaN,0
1.62,1.18205628111234,1.44857434874028,-2.04044880141711,1.16874913248042,1.48721787690617,-2.06315874949671,0.719475300442596,0.837806701769064,-0.057730410411803,1.16373902978843,1.49002167972052,-2.06819283245252,0.690151640692325,0.861610696407391,-0.0805435827833987,2.94518321869465,2.72932368913975,2.95727330210612,2.72929138184595,NaN,NaN,0
1.63,1.18894584798664,1.4554511971991,-2.04094276045128,1.17595105744889,1.49556890973167,-2.06371810451062,0.720907437628335,0.832363161130019,-0.0541385125523343,1.17065125647203,1.49861264516976,-2.06897273098409,0.692293696028369,0.856582393439671,-0.0754361235297154,2.94518321869465,2.72932368913975,2.95727330210612,2.72929138184595,NaN,NaN,0
1.64,1.19582798395327,1.46229165945379,-2.0414395885917,1.18316722972529,1.50386440630566,-2.06424147739933,0.722324122135073,0.826699474388493,-0.0505339101837396,1.17758674318688,1.50715363946593,-2.06971518858669,0.694803646941567,0.851616465793706,-0.073055396989741,2.94518321869465,2.72932368913975,2.95727330210612,2.72929138184595,NaN,NaN,0
1.65,1.20270264599889,1.46909556449316,-2.04193928273319,1.19039747556762,1.51210216589656,-2.0647287388629,0.723721509082956,0.820815791630761,-0.0469161524069891,1.18246292705445,1.51708278199266,-2.06833158254793,0.690470225441439,0.849344159439252,-0.0639821366318964,2.95879975305086,2.76479139559899,2.9648242555932,2.76896141556866,0.0760015,1,0
1.66,1.20956979115688,1.47586274221993,-2.04244183975268,1.1976416417774,1.52027973267244,-2.06518375915539,0.725107641649113,0.814660714258387,-0.044085584904705,1.18937357671256,1.5255525114054,-2.06896476137333,0.691659706182052,0.844601723108809,-0.0626536284471947,2.95879975305086,2.76479139559899,2.9648242555932,2.76896141556866,NaN,NaN,0
1.67,1.21642937650762,1.48259302345501,-2.04294725650919,1.20489954257866,1.52839464517675,-2.06561040345738,0.726468027549054,0.808285135920855,-0.0412408865576503,1.19629840179763,1.5339674693794,-2.06958515669679,0.693305310831981,0.838389871690887,-0.0614254362439066,2.95879975305086,2.76479139559899,2.9648242555932,2.76896141556866,NaN,NaN,0
1.68,1.22328135917871,1.48928623994172,-2.04345552984385,1.21217090850576,1.53644470438447,-2.06600852843998,0.727800266586763,0.801690256203249,-0.0383816544802653,1.20323239068788,1.54232056975712,-2.0701845371716,0.693492467218208,0.832230203853767,-0.0584506587195988,2.95879975305086,2.76479139559899,2.9648242555932,2.76896141556866,NaN,NaN,0
1.69,1.23012569634529,1.49594222435,-2.04396665657996,1.21945544607948,1.54442772334657,-2.06637798678132,0.729101956278897,0.794877290755236,-0.0355074929425704,1.21017505861263,1.55060744582884,-2.07075362646829,0.695041117732031,0.825145010488665,-0.0553672006181337,2.95879975305086,2.76479139559899,2.9648242555932,2.76896141556866,NaN,NaN,0
1.7,1.23696234523027,1.50256081028059,-2.04448063352298,1.22675283778524,1.55234152735183,-2.06671862723771,0.730370692079212,0.787847471533565,-0.032618013300916,1.21476224479079,1.55626090667948,-2.07623529017906,0.689561000131764,0.812002103104548,-0.0627727842659132,2.94290881510475,2.73511339146887,2.93894684054424,2.76092332170738,0.1012622,1,0
1.71,1.24379126310463,1.50914183226917,-2.04499745746057,1.23406270014535,1.56018420630243,-2.06702699274638,0.731595945564395,0.780653164068354,-0.029052488787108,1.221671513967,1.56434380016419,-2.0768499602566,0.692292835110956,0.804576593836095,-0.0601612312419214,2.94290881510475,2.73511339146887,2.93894684054424,2.76092332170738,NaN,NaN,0
1.72,1.25061240728763,1.51568512579055,-2.04551712516256,1.24138464040063,1.56795389815161,-2.06729962503378,0.732786311478296,0.773251111969207,-0.0254713717522526,1.22859685867455,1.57235494531675,-2.07743423327074,0.692776106398518,0.797652436676015,-0.0566933715853668,2.94290881510475,2.73511339146887,2.93894684054424,2.76092332170738,NaN,NaN,0
1.73,1.25742573514716,1.52219052726273,-2.04603963338104,1.24871831094654,1.57564855726652,-2.0675363683243,0.733942050103239,0.765647677110809,-0.021874698916174,1.23553263461448,1.58029491508255,-2.07798617438334,0.694379081586341,0.790341516484502,-0.0536948509360306,2.94290881510475,2.73511339146887,2.93894684054424,2.76092332170738,NaN,NaN,0
1.74,1.26423120409994,1.52865787405101,-2.04656497885033,1.25606336696402,1.58326620160776,-2.06773706741126,0.735063458369999,0.757849216248844,-0.0182625471229122,1.24248280819888,1.58816249541842,-2.07850432529594,0.695655635294784,0.783174550688484,-0.0499353315830494,2.94290881510475,2.73511339146887,2.93894684054424,2.76092332170738,NaN,NaN,0
1.75,1.27102877161181,1.53508700447205,-2.04709315828703,1.26341946678941,1.59080491267646,-2.06790156805167,0.736150870544429,0.749862080681874,-0.01463503205494,1.24844211220047,1.5995704815176,-2.07919436821145,0.692784909269282,0.785543732232692,-0.0483250087948487,2.96593046627675,2.76978234449635,2.96721279489716,2.79287442211107,0.04886,1,0
1.76,1.277818395198,1.54147775779794,-2.04762416839002,1.27078632663513,1.59826241346128,-2.06803461170727,0.737215360690382,0.741607857546498,-0.0119711495216816,1.2553674356077,1.60739331877305,-2.07966162809625,0.69227977217709,0.779023718857282,-0.0451269681637606,2.96593046627675,2.76978234449635,2.96721279489716,2.79287442211107,NaN,NaN,0
1.77,1.28460003242337,1.54782997426016,-2.04815800584048,1.27816365776801,1.60563647514152,-2.06814094032278,0.738244981458256,0.733175228775298,-0.0092920522487238,1.26229208518346,1.61514337972327,-2.08009874791163,0.692650142975666,0.770988471187706,-0.0422969949131362,2.96593046627675,2.76978234449635,2.96721279489716,2.79287442211107,NaN,NaN,0
1.78,1.29137364090273,1.55414349505365,-2.04869466730193,1.2855511071584,1.61292534273719,-2.0682204026494,0.739238871664761,0.724570010242434,-0.00659792514576923,1.2692255638913,1.62282090314957,-2.08050695433138,0.694045598591073,0.764516214072155,-0.0393442890366516,2.96593046627675,2.76978234449635,2.96721279489716,2.79287442211107,NaN,NaN,0
1.79,1.29813917830103,1.5604181623407,-2.04923414942025,1.29294831334559,1.62012731944481,-2.0682728494415,0.740196206389529,0.715798021353034,-0.0038889837707296,1.2761752632066,1.63042868361619,-2.08088444266511,0.695894264468923,0.75703987925103,-0.0361533777105053,2.96593046627675,2.76978234449635,2.96721279489716,2.79287442211107,NaN,NaN,0
1.8,1.30489660233369,1.56665381925497,-2.04977644882366,1.30035490680375,1.62724076667195,-2.06829813375805,0.741116197635219,0.706865084879642,-0.00116547331921075,1.28587857970742,1.63136073898474,-2.07762438162866,0.703950066429835,0.731463875506978,-0.0254087359462129,3.01560097227681,2.80615362466832,3.01337181915753,2.83622927977162,0.0811833,1,0
1.81,1.31164587076684,1.57285030990535,-2.0503215621228,1.30777057855045,1.63426341276798,-2.06830339301386,0.742011726039612,0.697638517452563,0.000116003879381822,1.29291063347618,1.63863387920095,-2.0778733993392,0.702460687323232,0.723164167735127,-0.0243948061623111,3.01560097227681,2.80615362466832,3.01337181915753,2.83622927977162,NaN,NaN,0
1.82,1.31838694141756,1.5790074793799,-2.05086948591072,1.31519501327096,1.64119303731068,-2.06829576682739,0.742868840116614,0.688262036743176,0.00141153584076436,1.29993369464145,1.64582893377994,-2.07810450824065,0.702151545730388,0.715846748062805,-0.0218269741274192,3.01560097227681,2.80615362466832,3.01337181915753,2.83622927977162,NaN,NaN,0
1.83,1.32511977215419,1.58512517374971,-2.05142021676289,1.32262782834139,1.64802817903369,-2.06827511708691,0.743687852551838,0.678743215090356,0.00272062974351544,1.30695340790549,1.65294637854042,-2.07832060199799,0.701791107076551,0.707642204032498,-0.0213917773409906,3.01560097227681,2.80615362466832,3.01337181915753,2.83622927977162,NaN,NaN,0
1.84,1.33184432089656,1.59120324007273,-2.05197375123724,1.33006864453039,1.6547674523648,-2.06824131077521,0.744469129309841,0.669089618923961,0.00404275979703984,1.31396673613199,1.65997954041191,-2.07852868039614,0.70087453822457,0.698990170266715,-0.0202239022895158,3.01560097227681,2.80615362466832,3.01337181915753,2.83622927977162,NaN,NaN,0
1.85,1.33856054561626,1.59724152639763,-2.05253008587419,1.33751708653615,1.66140954736519,-2.06819422029053,0.745213090470396,0.659308808445273,0.00537736900020871,1.32402311903337,1.66242675580745,-2.07501134337775,0.708496808489904,0.677580704114598,-0.0116126008632297,3.04784839348175,2.87032167575921,3.0610175016909,2.91889042175582,0.1133752,1,0
1.86,1.3452684043369,1.60323988176755,-2.05308921719664,1.34497285134492,1.66795227198714,-2.06814312159959,0.745933363602989,0.649216837686211,0.00484429410748736,1.33110934385229,1.66915064587061,-2.07513280933925,0.708748155292796,0.66719730851766,-0.0126805914373596,3.04784839348175,2.87032167575921,3.0610175016909,2.91889042175582,NaN,NaN,0
1.87,1.3519678551344,1.60919815622394,-2.05365114171003,1.35243561878678,1.67439351962019,-2.06809729786696,0.746613133627365,0.639015517970419,0.00432218030049148,1.33819919328212,1.67577709726554,-2.07526561810316,0.709221730674544,0.65809297046873,-0.0138811613438794,3.04784839348175,2.87032167575921,3.0610175016909,2.91889042175582,NaN,NaN,0
1.88,1.3586588561372,1.61511620081023,-2.05421585590234,1.35990496949352,1.6807322600269,-2.06805664545747,0.747249549834321,0.628717503020975,0.0038098261488083,1.34529043242476,1.68230781455661,-2.07541375256323,0.709026097852965,0.648050487745348,-0.0157457306717036,3.04784839348175,2.87032167575921,3.0610175016909,2.91889042175582,NaN,NaN,0
1.89,1.36534136552658,1.62099386757562,-2.05478335624409,1.36738045609358,1.68696758960614,-2.06802107293087,0.747839862487637,0.618335466392582,0.00330599491543777,1.35237615131424,1.68873950712325,-2.07557605401402,0.708117680042105,0.638288025582675,-0.0167145594854304,3.04784839348175,2.87032167575921,3.0610175016909,2.91889042175582,NaN,NaN,0
1.9,1.37201534153687,1.62683100957875,-2.05535363918842,1.3748616042285,1.69309873159175,-2.06799050137042,0.748381424163992,0.607882101530097,0.00280941945280285,1.3575425500108,1.68556266632667,-2.07940468133322,0.702245929812349,0.602554430756502,-0.02396575120906,3.04834000006941,2.86022474304611,3.05650901439713,2.90446989748668,0.0455996,1,0
1.91,1.37868074245573,1.63262748089137,-2.05592670117105,1.3823479080783,1.69912516170009,-2.06796368238116,0.748870707014521,0.597395132713495,0.00255527234822367,1.36456027350984,1.69153630858826,-2.07964407926403,0.701298769995141,0.592174021561019,-0.0239138349537427,3.04834000006941,2.86022474304611,3.05650901439713,2.90446989748668,NaN,NaN,0
1.92,1.38533752662445,1.638383136602,-2.05650253861036,1.38983884349834,1.70504647767749,-2.06793938001466,0.749307531922105,0.586861193682499,0.00230589737281001,1.37156964621183,1.69740797533329,-2.07988652349057,0.700575770403507,0.582159327445398,-0.024575010353604,3.04834000006941,2.86022474304611,3.05650901439713,2.90446989748668,NaN,NaN,0
1.93,1.39198565243813,1.64409783281954,-2.05708114790735,1.39733387988069,1.71086226738916,-2.06791755249909,0.749690709247531,0.576291799617367,0.00206010240230133,1.37857429421839,1.70317078471982,-2.08013370407675,0.700353830907776,0.570402549859823,-0.0248611068823822,3.04834000006941,2.86022474304611,3.05650901439713,2.90446989748668,NaN,NaN,0
1.94,1.39862507834602,1.6497714266769,-2.05766252544574,1.40483247520488,1.71657223390327,-2.06789817004422,0.750019146323899,0.565698475918649,0.00181668389759859,1.38557856491599,1.70882608084586,-2.08039040253265,0.700500308612935,0.560656675348168,-0.0264785842984536,3.04834000006941,2.86022474304611,3.05650901439713,2.90446989748668,NaN,NaN,0
1.95,1.40525576285172,1.65540377633452,-2.05824666759189,1.41233407701382,1.72217619559263,-2.06788121493596,0.750291848711875,0.555092758082135,0.00157443082717709,1.39560872074831,1.71851195695953,-2.08004181936185,0.709488133663547,0.561851124906835,-0.025633103929281,3.05771341324618,2.87627698874031,3.0658210231618,2.9120894809928,0.0674155,1,0
1.96,1.41187766451347,1.66099474098394,-2.05883357069494,1.41983812733631,1.72767389609093,-2.06786843620017,0.750508655919994,0.544447990091601,0.000981225387381809,1.4027057308005,1.72408236931147,-2.0803062266132,0.70991387677548,0.552231345482528,-0.0272483463417709,3.05771341324618,2.87627698874031,3.0658210231618,2.9120894809928,NaN,NaN,0
1.97,1.41849074194442,1.66654418085135,-2.05942323108673,1.42734405727409,1.73306518418651,-2.06786159389958,0.750667608474424,0.53381186009957,0.000386978642662532,1.40980757998905,1.72955800591616,-2.08058514477759,0.710455960934882,0.542895975455783,-0.0285352865353437,3.05771341324618,2.87627698874031,3.0658210231618,2.9120894809928,NaN,NaN,0
1.98,1.42509495381285,1.67205195720104,-2.0600156450819,1.43485128352155,1.73835019375528,-2.06786070339503,0.750767768578164,0.523193869195988,-0.000209298221782607,1.41690830972191,1.73493823746592,-2.08087365593738,0.709689985635786,0.533150334495934,-0.0291669454236469,3.05771341324618,2.87627698874031,3.0658210231618,2.9120894809928,NaN,NaN,0
1.99,1.43169025884246,1.67751793233889,-2.06061080897785,1.44235921381741,1.7435291537409,-2.06786578990875,0.750808283067726,0.512603529805696,-0.000808588227023315,1.42400559156638,1.7402235779148,-2.08116618566296,0.709766383258883,0.523917755279818,-0.0293389996927618,3.05771341324618,2.87627698874031,3.0658210231618,2.9120894809928,NaN,NaN,0
2,1.43827661581261,1.68294196961579,-2.06120871905481,1.4498672477963,1.74860238826704,-2.06787688845325,0.750788384468618,0.502050365471703,-0.00141186596880642,1.43809353170058,1.74326830587846,-2.08117832070214,0.727909507729941,0.508913556276337,-0.0310401609924804,3.05885274701594,2.80818042003913,3.08310202788754,2.85283410780564,0.0872841,1,0
2.01,1.44485398355859,1.68832393343111,-2.06180937157586,1.45737477953203,1.75357079865641,-2.06788953057251,0.750707511217676,0.49164043847016,-0.00111747794702163,1.44537088134917,1.74831358306709,-2.08148079789422,0.727560421988122,0.50014188145119,-0.029455277424472,3.05885274701594,2.80818042003913,3.08310202788754,2.85283410780564,NaN,NaN,0
2.02,1.45142232097188,1.69366368923603,-2.0624127627869,1.46488118186485,1.7584353918465,-2.06789925843811,0.750561795041084,0.481288956043563,-0.000829216851888821,1.4526520422904,1.75326965708079,-2.08177589638983,0.728671766256824,0.491072921288254,-0.0295644216971711,3.05885274701594,2.80818042003913,3.08310202788754,2.85283410780564,NaN,NaN,0
2.03,1.45798158700039,1.69896110353693,-2.06301888891675,1.472385785292,1.76319681327405,-2.06790613932295,0.750347040496532,0.471008124215239,-0.000548278765069077,1.45993759429207,1.75813753390597,-2.08207231258651,0.7284386340785,0.482502443748091,-0.029718817639676,3.05885274701594,2.80818042003913,3.08310202788754,2.85283410780564,NaN,NaN,0
2.04,1.46453174064872,1.70421604389873,-2.06362774617712,1.47988787893763,1.76785583067117,-2.06791025231314,0.750059168769335,0.460810196075294,-0.000275829421564258,1.4672135873056,1.76290859728675,-2.08237317247055,0.726759968626849,0.471710232407163,-0.0304531591679177,3.05885274701594,2.80818042003913,3.08310202788754,2.85283410780564,NaN,NaN,0
2.05,1.47107274097845,1.70942837894819,-2.06423933076266,1.48738671172998,1.77241333453722,-2.06791168797989,0.749694219854182,0.450707472019285,-1.29992877911186e-05,1.48745661189306,1.76324350533135,-2.07878017816211,0.762847195121811,0.450515313604729,-0.0222657577083152,3.02382748612522,2.87967281896581,3.06511509937299,2.90720434185546,0.0992724,1,0
2.06,1.47760454710833,1.71459797837721,-2.06485363885097,1.49488147823942,1.7768700280513,-2.06791356747028,0.749244791676607,0.440650002041312,-0.000364751058193016,1.49508578485211,1.76769677577893,-2.07900400999627,0.762987396688371,0.440138775912738,-0.0225006091231034,3.02382748612522,2.87967281896581,3.06511509937299,2.90720434185546,NaN,NaN,0
2.07,1.4841271182146,1.71972471294607,-2.06547066660261,1.50237130744201,1.78122672479888,-2.06791902112412,0.748705329994148,0.430709601408051,-0.000727938228038718,1.50271318876033,1.77204866199974,-2.07923363677282,0.762493384954767,0.430238468247927,-0.0234247461871539,3.02382748612522,2.87967281896581,3.06511509937299,2.90720434185546,NaN,NaN,0
2.08,1.49064041353121,1.72480845448668,-2.06609041016118,1.50985525629603,1.78548464010896,-2.06792816640455,0.748067308326711,0.42089521273433,-0.0011031746345123,1.51034059626834,1.77630022777055,-2.07946680564721,0.762988116648388,0.42007468591401,-0.0232090286920146,3.02382748612522,2.87967281896581,3.06511509937299,2.90720434185546,NaN,NaN,0
2.09,1.49714439235009,1.72984907590576,-2.06671286565326,1.51733229694321,1.7896450792026,-2.06794112666549,0.747322290112524,0.411215871893698,-0.00149102381171633,1.51796648298617,1.78045343820588,-2.07970629153247,0.762189226916468,0.410567401152095,-0.0246881483590395,3.02382748612522,2.87967281896581,3.06511509937299,2.90720434185546,NaN,NaN,0
2.1,1.50363901402139,1.73484645118803,-2.06733802918853,1.52480131761611,1.79370943812776,-2.06795803062509,0.746461930357319,0.401680708466686,-0.00189199429030225,1.52494995156717,1.79088252463541,-2.07488899889235,0.760630602368271,0.418688081576986,-0.0153144415662716,3.13542448013963,2.8492010493583,3.1549823462039,2.86987987293734,0.0983238,1,0
2.11,1.51012423795375,1.73980045539939,-2.06796589685971,1.53226107154615,1.79767867415063,-2.06798455572192,0.745467766519948,0.392192915752604,-0.00341533065789962,1.5325573975519,1.7950201183775,-2.07504994165877,0.760858594576627,0.408830666839845,-0.0168741117186217,3.13542448013963,2.8492010493583,3.1549823462039,2.86987987293734,NaN,NaN,0
2.12,1.51660002361454,1.74471096468997,-2.06859646474262,1.53971024608609,1.801553836201,-2.06802638366786,0.744345547120339,0.382867052024309,-0.00495259457691129,1.5401654597962,1.7990684525268,-2.07523161791874,0.760753854283702,0.400836163020961,-0.0194611402753125,3.13542448013963,2.8492010493583,3.1549823462039,2.86987987293734,NaN,NaN,0
2.13,1.52306633053012,1.74957785629731,-2.06922972889622,1.5471475456527,1.80533657778692,-2.06808365458505,0.743092279583167,0.373709968565345,-0.00650394859036328,1.54777042640769,1.80303691450503,-2.07543809357771,0.76023946801484,0.392856232624994,-0.0218339915178886,3.13542448013963,2.8492010493583,3.1549823462039,2.86987987293734,NaN,NaN,0
2.14,1.52952311828609,1.75440100854936,-2.06986568536262,1.55457164512813,1.80902862115854,-2.06815651001505,0.74170504983138,0.364728562505917,-0.00806951378462509,1.55536951332949,1.80692845497638,-2.0756689444348,0.759577916344423,0.385451861646095,-0.0243361799003554,3.13542448013963,2.8492010493583,3.1549823462039,2.86987987293734,NaN,NaN,0
2.15,1.53597034652755,1.75918030086758,-2.07050433016709,1.56198119065307,1.81263175776636,-2.06824509249658,0.740181023929329,0.355929776770003,-0.00964936824612825,1.55465922673585,1.81265292843046,-2.07378286471116,0.735802234703726,0.382266740208899,-0.0216978970239309,3.13021722374828,2.91472370845636,3.13355248571495,2.92007474695427,0.1007777,1,0
2.16,1.54240797495934,1.7639156137699,-2.07114565931809,1.56937474102356,1.81614752631448,-2.06835324230731,0.738505675334469,0.34725597403225,-0.0119829711494171,1.56201163914466,1.81644226642131,-2.07401218638292,0.734680247058967,0.375600857960131,-0.0241664373269729,3.13021722374828,2.91472370845636,3.13355248571495,2.92007474695427,NaN,NaN,0
2.17,1.54883596334631,1.76860682887374,-2.07178966880732,1.57675083782826,1.81957752219301,-2.06848479889133,0.736690428386319,0.338775655247608,-0.0143306652408492,1.56935701983702,1.82015202478575,-2.07426160660255,0.734395891413076,0.366350814928541,-0.0257176065994652,3.13021722374828,2.91472370845636,3.13355248571495,2.92007474695427,NaN,NaN,0
2.18,1.55525427151355,1.77325382889897,-2.07243635460973,1.58410808566704,1.82292369262084,-2.06863990141348,0.7347360052717,0.330491297028101,-0.0166920993966006,1.57669712028842,1.82377794058936,-2.07453614977326,0.733624198866098,0.358832345793782,-0.0291910275429565,3.13021722374828,2.91472370845636,3.13355248571495,2.92007474695427,NaN,NaN,0
2.19,1.56166285934666,1.77785649767085,-2.07308571268354,1.59144509652741,1.82618800960465,-2.06881868547586,0.732643161391988,0.322405380263826,-0.0190669121833762,1.58402775715275,1.827319746566,-2.07484172716052,0.732503173999954,0.34952884953313,-0.0319244499091049,3.13021722374828,2.91472370845636,3.13355248571495,2.92007474695427,NaN,NaN,0
2.2,1.56806168679198,1.78241472012287,-2.07373773897025,1.59876049011846,1.82937246997997,-2.06902128301438,0.730412685719222,0.314520389776985,-0.0214547317899636,1.59007438551158,1.836668455823,-2.07836560257801,0.72655029301019,0.358124200666792,-0.0406523616473614,3.20154197061881,2.83139214418707,3.18398855420586,2.82070539558155,0.1220549,1,0
2.21,1.57445071385686,1.78692838229973,-2.0743924293947,1.60605295509736,1.83247928765853,-2.06924529104217,0.728058061411946,0.30687666201805,-0.0233489119615984,1.59732943263927,1.84021461204713,-2.07878314052943,0.72445913252753,0.351107044158698,-0.0428552286359657,3.20154197061881,2.83139214418707,3.18398855420586,2.82070539558155,NaN,NaN,0
2.22,1.5808299006099,1.7913973713601,-2.07504977986508,1.61332121513069,1.83551066919471,-2.06948830093619,0.725572571800071,0.299432725113306,-0.0252549980042949,1.60456344881897,1.8436873714838,-2.0792236067398,0.722344103411682,0.343444843175716,-0.0452380134389603,3.20154197061881,2.83139214418707,3.18398855420586,2.82070539558155,NaN,NaN,0
2.23,1.58719920718122,1.79582157557948,-2.07570978627296,1.62056398779558,1.83846859933801,-2.06975042859853,0.722961460315845,0.292185939888551,-0.0271723639952314,1.61178198385873,1.84708889366999,-2.07968849005651,0.721362904540827,0.336859594062127,-0.0477386499031429,3.20154197061881,2.83139214418707,3.18398855420586,2.82070539558155,NaN,NaN,0
2.24,1.59355859376265,1.80020088435301,-2.07637244449329,1.62778004302363,1.84135503622403,-2.07003178383269,0.720229954245931,0.285133622619495,-0.029100416001812,1.61898656989076,1.85042670210478,-2.08017737452086,0.719554301864462,0.330702092894931,-0.050038242966051,3.20154197061881,2.83139214418707,3.18398855420586,2.82070539558155,NaN,NaN,0
2.25,1.59990802060806,1.80453518819819,-2.07703775038447,1.63496820293407,1.8441719109253,-2.0703324706592,0.717383263638764,0.278273044287023,-0.0310385912088183,1.62488214181454,1.84369136749185,-2.07560880515772,0.712658411927604,0.296833516001038,-0.0414020802575203,3.18143213914082,2.83811893369354,3.16719094640771,2.83569577815379,0.0805077,1,0
2.26,1.60624744803355,1.80882437875765,-2.07770569978832,1.64212736004549,1.84692117021818,-2.07065195643889,0.714430250429003,0.271610221516396,-0.0328601297683459,1.63199279048581,1.84662738024654,-2.07603143084864,0.709471322325516,0.290369034937448,-0.0431230579270994,3.18143213914082,2.83811893369354,3.16719094640771,2.83569577815379,NaN,NaN,0
2.27,1.61257683641772,1.81306834880185,-2.07837628853018,1.64925645779279,1.84960474251127,-2.0709897039493,0.711372192418583,0.265135543999897,-0.0346908772802553,1.63907980135161,1.84950192456379,-2.07646726825832,0.707930850836084,0.284539828513259,-0.044044424008067,3.18143213914082,2.83811893369354,3.16719094640771,2.83569577815379,NaN,NaN,0
2.28,1.61889614620191,1.81726699223177,-2.07904951241887,1.65635446978364,1.85222450617477,-2.07134580350418,0.708213901479301,0.258848387994527,-0.0365304812160352,1.64614054447412,1.85231555000069,-2.07691512706688,0.704217773666193,0.278185258866372,-0.0455273377051788,3.18143213914082,2.83811893369354,3.16719094640771,2.83569577815379,NaN,NaN,0
2.29,1.62520533789045,1.82142020408152,-2.07972536724673,1.66342041776551,1.85478233312186,-2.07172034197002,0.704960193600382,0.252748085700752,-0.0383786045734685,1.65317124883469,1.8550705424883,-2.07738171794217,0.701923098447462,0.27281323865537,-0.0477908373529559,3.18143213914082,2.83811893369354,3.16719094640771,2.83569577815379,NaN,NaN,0
2.3,1.63150437205093,1.82552788052104,-2.08040384878967,1.67045337166389,1.85728008836388,-2.07211340291904,0.701615888291669,0.246833924409346,-0.0402349254339916,1.66585313109309,1.84805256490086,-2.07418196751942,0.714545317451198,0.240677941393129,-0.0424332001959739,3.1911982923965,2.83096363375214,3.18804553741582,2.84119635219763,0.1786432,1,0
2.31,1.63779320931439,1.82958991885863,-2.0810849528072,1.67745240763617,1.85971956176315,-2.07252627105859,0.698177214331867,0.241091979409627,-0.0423400080709963,1.67298730281582,1.85043216032116,-2.07461885073378,0.712289027094484,0.235241142667449,-0.0449434426774893,3.1911982923965,2.83096363375214,3.18804553741582,2.84119635219763,NaN,NaN,0
2.32,1.64407181037562,1.83360621754353,-2.08176867504241,1.68441663892521,1.86210255744911,-2.07296022893648,0.6946554344599,0.235538882789196,-0.0444528472056689,1.68009431201921,1.85275174164084,-2.07508538324228,0.709112813583133,0.228675121268406,-0.0483630590214953,3.1911982923965,2.83096363375214,3.18804553741582,2.84119635219763,NaN,NaN,0
2.33,1.65034013599339,1.8375766761685,-2.08245501122203,1.69134524904058,1.86443097889969,-2.07341535332527,0.691053470845229,0.230177629628991,-0.0465732827956212,1.68716959818544,1.85501197582138,-2.07557273646129,0.705944419664079,0.223371714838984,-0.0491075847804521,3.1911982923965,2.83096363375214,3.18804553741582,2.84119635219763,NaN,NaN,0
2.34,1.65659814699068,1.84150119547227,-2.08314395705648,1.69823745096719,1.86670675942949,-2.07389171934994,0.687374296462073,0.225011192006796,-0.0487011453289863,1.69421251309536,1.85721725619968,-2.07606963304898,0.702638562319765,0.21768436082195,-0.0502717327586873,3.1911982923965,2.83096363375214,3.18804553741582,2.84119635219763,NaN,NaN,0
2.35,1.66284580425495,1.84537967734207,-2.08383550823984,1.70509248767548,1.86893186195449,-2.07438940039207,0.683620935498574,0.220042517945725,-0.0508362555976745,1.70804751713191,1.86387983343609,-2.07833439093318,0.717659680987323,0.225375981366586,-0.0555929744594801,3.186163664834,2.81899420328546,3.18371715357222,2.82058700126749,0.0980437,1,0
2.36,1.66908306873835,1.84921202481604,-2.08452966044992,1.71190969867268,1.87110836143693,-2.0749067236244,0.679809649036055,0.215290778477202,-0.0526295364918898,1.71521002308772,1.86611128851014,-2.07890248125636,0.71484151017502,0.220915033443927,-0.0580250901762171,3.186163664834,2.81899420328546,3.18371715357222,2.82058700126749,NaN,NaN,0
2.37,1.67530990145801,1.85299814208571,-2.08522640934827,1.71868845230652,1.87323834687295,-2.07544201349743,0.675929858519409,0.210739843097023,-0.0544295300528013,1.72233881148741,1.86830058999151,-2.07949675855564,0.710916169762494,0.216945262830876,-0.0608303696788927,3.186163664834,2.81899420328546,3.18371715357222,2.82058700126749,NaN,NaN,0
2.38,1.68152626349623,1.85673793449833,-2.08592575058021,1.72542807544971,1.87532383030684,-2.07599533552768,0.67198395084236,0.20639050949725,-0.0562359142876684,1.72943402403215,1.87044748055847,-2.08010648074905,0.708126339187343,0.212432850560653,-0.0611140690034571,3.186163664834,2.81899420328546,3.18371715357222,2.82058700126749,NaN,NaN,0
2.39,1.68773211600078,1.8604313085593,-2.08662767977486,1.73212791897109,1.87736683166898,-2.07656675201288,0.667974338329458,0.202243557092309,-0.0580483674373553,1.73650047249401,1.87255038084258,-2.08072850384817,0.705163353184564,0.208147206261616,-0.0632905508215873,3.186163664834,2.81899420328546,3.18371715357222,2.82058700126749,NaN,NaN,0
2.4,1.69392742018511,1.86407817193445,-2.08733219254516,1.73878735798977,1.87936937858972,-2.07715632203433,0.66390345870603,0.198299746345204,-0.0598665679662551,1.74451859541802,1.87699853371441,-2.08337503125108,0.703753835423935,0.210681786026236,-0.06818503102782,3.19176707623922,2.78671700345227,3.19697042458083,2.7637015447271,0.1319952,1,0
2.41,1.70011213732857,1.86767843345239,-2.08803928448792,1.74540591121765,1.88133361441836,-2.07776117646618,0.659797346207644,0.194580810349954,-0.0611051617505762,1.75153048642674,1.87908357091754,-2.08405977593899,0.698624366319798,0.206325654600351,-0.0687639065525765,3.19176707623922,2.78671700345227,3.19697042458083,2.7637015447271,NaN,NaN,0
2.42,1.7062862287767,1.87123200310677,-2.08874895118381,1.75198310612131,1.88326165482412,-2.07837844104343,0.655631594354053,0.191059883548484,-0.0623484885948936,1.75850269774729,1.88112662201603,-2.08475794461685,0.695817897791442,0.202284565097571,-0.0708698290202237,3.19176707623922,2.78671700345227,3.19697042458083,2.7637015447271,NaN,NaN,0
2.43,1.71244965594146,1.87473879205853,-2.08946118819742,1.75851834024298,1.88515545660155,-2.07900815988421,0.65140498237618,0.187732311427767,-0.0635959100754283,1.7654411873591,1.88313948365937,-2.08547028957434,0.691880024570017,0.200287763569449,-0.0715991624774095,3.19176707623922,2.78671700345227,3.19697042458083,2.7637015447271,NaN,NaN,0
2.44,1.71860238030144,1.87819871263814,-2.09017599107726,1.76501099867793,1.88701693015085,-2.07965037084277,0.647116241499689,0.184593469809757,-0.0648468116656001,1.77233471522307,1.88512283078918,-2.08619235066576,0.6868255482233,0.196381662393389,-0.0728130558069987,3.19176707623922,2.78671700345227,3.19697042458083,2.7637015447271,NaN,NaN,0
2.45,1.72474436340215,1.88161167834774,-2.09089335535583,1.77146045359009,1.8888479397867,-2.08030510574315,0.64276405410149,0.181638765964106,-0.0661006016706445,1.78067500715842,1.89258207657291,-2.08361239255643,0.688180553570344,0.207954928572888,-0.0703978031920024,3.19625973691647,2.79068808363927,3.18684562080432,2.76936990045994,0.0683177,1,0
2.46,1.73087556685619,1.88497760386339,-2.09161327654959,1.77786605784662,1.89065029904379,-2.08097255740164,0.638346178843703,0.178862584722929,-0.0673900820834704,1.7875325258247,1.89464390209727,-2.0843213516709,0.683323179684988,0.204410176298462,-0.0713940197014626,3.19625973691647,2.79068808363927,3.18684562080432,2.76936990045994,NaN,NaN,0
2.47,1.73699595234358,1.88829640503712,-2.09233575015904,1.78422716848491,1.89242577265297,-2.08165291376624,0.633865696865842,0.176260754415775,-0.0686814778777989,1.79434109777135,1.89667489463689,-2.08504506321881,0.678391209646063,0.201788331626718,-0.0733482898805703,3.19625973691647,2.79068808363927,3.18684562080432,2.76936990045994,NaN,NaN,0
2.48,1.74310548161192,1.89156799889908,-2.09306077166873,1.7905431703242,1.89417607763427,-2.08234619208762,0.629324774810797,0.173827974163728,-0.0699744131196138,1.80110328344693,1.89868215890253,-2.08579059800549,0.674045925469758,0.199664521499363,-0.0757586674557759,3.19625973691647,2.79068808363927,3.18684562080432,2.76936990045994,NaN,NaN,0
2.49,1.74920411647667,1.89479230365958,-2.09378833654727,1.79681346952813,1.89590287790921,-2.08305240599611,0.624725514650677,0.171558925220841,-0.0712685394917949,1.80782913223513,1.90067212212432,-2.08655289413685,0.671123832169901,0.198328122858908,-0.0767005588162522,3.19625973691647,2.79068808363927,3.18684562080432,2.76936990045994,NaN,NaN,0
2.5,1.75529181882139,1.89796923871117,-2.09451844024739,1.80303749295026,1.89760778412439,-2.08377156577243,0.620069952148193,0.169448271423426,-0.072563535204242,1.81090779760855,1.91242922403147,-2.08783472003308,0.657175092848181,0.224082654835566,-0.0793934349382839,3.18952025928442,2.78440838634909,3.15806821970541,2.74664505905074,0.0937446,1,0
2.51,1.76136855059795,1.90109872463065,-2.09525107820594,1.80921481604877,1.89929240463342,-2.08450099377896,0.615386139837922,0.167500274172144,-0.073322143839882,1.81746393681235,1.91465835544113,-2.0886370863981,0.654052747911297,0.22174362709755,-0.0810798380652122,3.18952025928442,2.78440838634909,3.15806821970541,2.74664505905074,NaN,NaN,0
2.52,1.76743427382681,1.90418068318103,-2.09598624584392,1.81534505462292,1.90095825990864,-2.08523800990652,0.610653984955136,0.165693364691547,-0.0740811312334344,1.82397993414168,1.91687281989152,-2.08945216731815,0.649146717955068,0.221149262979544,-0.0819363459446826,3.18952025928442,2.78440838634909,3.15806821970541,2.74664505905074,NaN,NaN,0
2.53,1.77348895059721,1.90721503731351,-2.09672393856656,1.82142775310857,1.90260670490541,-2.08598261717336,0.605879032823428,0.164016346212841,-0.0748403509527784,1.83044698865074,1.91908189843089,-2.09027249677415,0.644264183856568,0.220666444894058,-0.0821295452560136,3.18952025928442,2.78440838634909,3.15806821970541,2.74664505905074,NaN,NaN,0
2.54,1.77953254306744,1.91020171116938,-2.09746415176327,1.82746251057916,1.9042389822439,-2.08673481734844,0.601066665050054,0.162457948616948,-0.0755996987772447,1.83686998098166,1.92128806364677,-2.09109763694808,0.640334282328251,0.220566598281826,-0.0828984895301258,3.18952025928442,2.78440838634909,3.15806821970541,2.74664505905074,NaN,NaN,0
2.55,1.78556501346507,1.91314063008197,-2.09820688080772,1.83344897909101,1.90585622148001,-2.08749461134963,0.59622209601745,0.161006829317401,-0.0763591079074593,1.83743764656338,1.91241787001369,-2.09366489795853,0.620269481775606,0.190073706045759,-0.0861238256314345,3.18839060567645,2.76551898014733,3.16097731062335,2.74058323052347,0.0697903,1,0
2.56,1.79158632408718,1.91603172057845,-2.09895212105785,1.83938690956031,1.90745945315662,-2.08826103538662,0.591359909272698,0.159654780354347,-0.0769257073659778,1.84362179309926,1.91431741255468,-2.09452675654225,0.61655982539991,0.189834802151757,-0.0862478911125385,3.18839060567645,2.76551898014733,3.16097731062335,2.74058323052347,NaN,NaN,0
2.57,1.79759643730059,1.91887491038171,-2.09969986785593,1.84527610393275,1.90904960905658,-2.08903312574533,0.586475715318468,0.158390319798825,-0.0774923819376686,1.84975710278596,1.91621101118159,-2.09539402163404,0.610502111940528,0.188884923230474,-0.0872051272444815,3.18839060567645,2.76551898014733,3.16097731062335,2.74058323052347,NaN,NaN,0
2.58,1.80359531554212,1.92167012841215,-2.10045011652852,1.85111636709022,1.91062752431657,-2.08981088349601,0.581574484233945,0.157205286010673,-0.0780591982101655,1.85584221738286,1.91809909960772,-2.09626659924413,0.606520807438574,0.188732761996139,-0.0873103947749447,3.18839060567645,2.76551898014733,3.16097731062335,2.74058323052347,NaN,NaN,0
2.59,1.8095829213188,1.92441730478946,-2.10120286238659,1.85690755298907,1.91219395209279,-2.09059431045312,0.576661060353324,0.1560914446097,-0.0786262379728049,1.86188259428482,1.9199823885021,-2.09714882203835,0.601554572953821,0.18792501687934,-0.089134164067984,3.18839060567645,2.76551898014733,3.16097731062335,2.74058323052347,NaN,NaN,0
2.6,1.81555921720812,1.92711637083439,-2.10195810072547,1.86264956338819,1.91374956283576,-2.09138340931344,0.571740159358619,0.155040488915236,-0.0791935954481998,1.86472740724304,1.92396169530006,-2.10041433966795,0.589067207236373,0.194250974702966,-0.0939471232697948,3.15369163081431,2.75465943393941,3.12287643790477,2.73600229367887,0.0652,1,0
2.61,1.82152416585824,1.92976725907041,-2.10271582682493,1.86834253036187,1.91529498142867,-2.09217451187898,0.566853244894193,0.154051642460165,-0.0790270031007724,1.87059578073893,1.92590302701418,-2.10135322666306,0.584607491940846,0.194015368120617,-0.0938302757523563,3.15369163081431,2.75465943393941,3.12287643790477,2.73600229367887,NaN,NaN,0
2.62,1.82747772998824,1.93236990322547,-2.10347603594917,1.87398663810375,1.91683075176064,-2.09296395140363,0.561969271794888,0.153109615589412,-0.0788610193117536,1.87641513201324,1.92783518818698,-2.10229121557576,0.579262762921988,0.192416866440194,-0.0937675067871376,3.15369163081431,2.75465943393941,3.12287643790477,2.73600229367887,NaN,NaN,0
2.63,1.83341987238839,1.93492423823359,-2.1042387233469,1.87958194459312,1.91835730523763,-2.09375173493821,0.557093933266627,0.15220703475848,-0.0786958374399425,1.88218969653593,1.92976315917733,-2.10323300976004,0.575650141616001,0.193177331629866,-0.0945913300691251,3.15369163081431,2.75465943393941,3.12287643790477,2.73600229367887,NaN,NaN,0
2.64,1.8393505559203,1.93743020023653,-2.10500388425132,1.88512856413889,1.91987499906352,-2.09453787147213,0.552232801550433,0.151336433140631,-0.0785316514098492,1.88792424329624,1.93169099031764,-2.10417973360429,0.571259210445606,0.192388896431834,-0.0947534387799425,3.15369163081431,2.75465943393941,3.12287643790477,2.73600229367887,NaN,NaN,0
2.65,1.84526974351723,1.93988772658537,-2.10577151388017,1.89062666615559,1.92138411530873,-2.095322371926,0.547391325046805,0.150490250921457,-0.0783686531042051,1.89656263996932,1.93539619321885,-2.09823604181757,0.573331601588532,0.197150040850102,-0.0853636555834228,3.17120858701563,2.75407736102337,3.14743858642542,2.73832858083724,0.0771828,1,0
2.66,1.85117739818426,1.94229675584209,-2.10654160743579,1.89607638359572,1.92288484508016,-2.09610707279423,0.542556671501054,0.14965798000824,-0.0785717615487448,1.90227767461402,1.93736248218317,-2.0990946224505,0.56967532735112,0.196107752012532,-0.0863524710014108,3.17120858701563,2.75407736102337,3.14743858642542,2.73832858083724,NaN,NaN,0
2.67,1.85707348299858,1.94465722778107,-2.10731416010507,1.90147789623448,1.92437730979277,-2.09689381218949,0.537751009002151,0.148836171936743,-0.0787763795050592,1.9079513312165,1.93932835738989,-2.09996482845405,0.565055993145148,0.197067289331866,-0.0876887297091922,3.17120858701563,2.75407736102337,3.14743858642542,2.73832858083724,NaN,NaN,0
2.68,1.86295796110968,1.94696908339064,-2.10808916705958,1.90683151312719,1.92586158194255,-2.09768260582373,0.532978148232866,0.148018388658163,-0.0789826289832092,1.91357764033205,1.94129655925573,-2.10084075798065,0.560205829965575,0.19657308383579,-0.087497175610616,3.17120858701563,2.75407736102337,3.14743858642542,2.73832858083724,NaN,NaN,0
2.69,1.86883079573958,1.94923226487453,-2.10886662345551,1.91213758088334,1.92733766929907,-2.09847347058561,0.528241788943013,0.147198123034517,-0.0791906230424632,1.91916020953461,1.94325932793179,-2.10171371490293,0.556308010545602,0.19598065137707,-0.0870942088460119,3.17120858701563,2.75407736102337,3.14743858642542,2.73832858083724,NaN,NaN,0
2.7,1.8746919501831,1.95144671565332,-2.10964652443378,1.91739648254496,1.92880551421752,-2.09926642444269,0.523545517461681,0.146368799430758,-0.0794004641262443,1.91382056909864,1.93296607003197,-2.10322638565552,0.523535527501815,0.163411652879165,-0.0870699196451001,3.14123812840932,2.76000626380122,3.09882497441378,2.77207881540032,0.0874652,1,0
2.71,1.88054138780803,1.95361238036585,-2.11042886511999,1.92260871621618,1.93026500854778,-2.10005986732332,0.518909339920739,0.145527247051969,-0.0792884720872906,1.91902696069164,1.93459730600329,-2.10409575939437,0.517742791097606,0.162835541384847,-0.0868048281265237,3.14123812840932,2.76000626380122,3.09882497441378,2.77207881540032,NaN,NaN,0
2.72,1.88637907205541,1.95572920487063,-2.11121364062454,1.92777484948364,1.9317159983577,-2.10085220183029,0.514327202950178,0.144667447783762,-0.0791788630395737,1.92417758416931,1.9362190219299,-2.10495538544616,0.512381904435794,0.161507643936349,-0.0851203822312704,3.14123812840932,2.76000626380122,3.09882497441378,2.77207881540032,NaN,NaN,0
2.73,1.89220496643972,1.95779713624715,-2.11200084604256,1.93289547566314,1.93315828741867,-2.10164345396269,0.509809680748719,0.143786616392554,-0.0790720666726293,1.92927742913171,1.93783439726703,-2.10580653311158,0.507587088045536,0.161567423489388,-0.0851091508526017,3.14123812840932,2.76000626380122,3.09882497441378,2.77207881540032,NaN,NaN,0
2.74,1.89801903454916,1.95981612279723,-2.11279047645403,1.93797129357247,1.93459165064828,-2.10243365388572,0.505367298973665,0.142881767079318,-0.0789684858769567,1.93432558808974,1.93944467206028,-2.10666376685413,0.502044703560325,0.160487535162155,-0.0863375976568837,3.14123812840932,2.76000626380122,3.09882497441378,2.77207881540032,NaN,NaN,0
2.75,1.90382124004581,1.96178611404631,-2.11358252692376,1.9430031070295,1.93601583209672,-2.10322283564336,0.501010531421468,0.141949711913329,-0.0788684928690686,1.93735895269354,1.93440626431276,-2.11043453098841,0.491816734164673,0.142186305975276,-0.0896788727204272,3.14388434151338,2.75591645680806,3.11470884186493,2.76688691371405,0.0474986,1,0
2.76,1.9096115466659,1.96370706074472,-2.11437699250145,1.94799180624765,1.9374305397125,-2.10401142174672,0.496745943051647,0.140986525423942,-0.0788493989622219,1.94225284488297,1.93582361361452,-2.11132950930141,0.486961703721592,0.141283554377348,-0.0893167898807556,3.14388434151338,2.75591645680806,3.11470884186493,2.76688691371405,NaN,NaN,0
2.77,1.91538991822005,1.96557891486889,-2.11517386822167,1.95293837071707,1.93883545306259,-2.10479983734001,0.492584801402335,0.139990471158203,-0.0788344193234895,1.94710229664548,1.93722959370114,-2.11222188014805,0.482928648779269,0.139912462946348,-0.0891573794463644,3.14388434151338,2.75591645680806,3.11470884186493,2.76688691371405,NaN,NaN,0
2.78,1.92115631859344,1.96740162962255,-2.11597314910397,1.95784387143343,1.94023023159062,-2.10558812437126,0.488534405740628,0.138959148349884,-0.0788237100866554,1.95191788897989,1.93862442684669,-2.113113115156,0.480189818102801,0.139054166163117,-0.0890896221435875,3.14388434151338,2.75591645680806,3.11470884186493,2.76688691371405,NaN,NaN,0
2.79,1.9269107117461,1.96917515943795,-2.11677483015283,1.96270945218783,1.94161450997934,-2.10637632619856,0.484602015441765,0.137890005403113,-0.0788173968104257,1.95669448921645,1.94000622878827,-2.11400266196564,0.475130229210694,0.137306222152779,-0.0888197397836239,3.14388434151338,2.75591645680806,3.11470884186493,2.76688691371405,NaN,NaN,0
2.8,1.93265306171307,1.97089945997692,-2.11757890635776,1.96753632915442,1.94298789663694,-2.10716448727458,0.480794847277586,0.13678033883587,-0.0788155725164873,1.9589814917825,1.93450603322617,-2.11292290274587,0.463062136022661,0.120517328579772,-0.0859045995375135,3.13304352101716,2.76656880969338,3.11151994490891,2.77901052889387,0.0774736,1,0
2.81,1.93838333260471,1.97257448813204,-2.11838537269327,1.97232577611592,1.94434996845662,-2.10795301693859,0.477117100736328,0.13562665078901,-0.0788911185393083,1.96358729218029,1.9357066069775,-2.11378385048762,0.458097943535853,0.119597421686029,-0.0862849488128336,3.13304352101716,2.76656880969338,3.11151994490891,2.77901052889387,NaN,NaN,0
2.82,1.94410148860682,1.9742002020277,-2.11919422411897,1.97707913172429,1.94570027924037,-2.10874232477214,0.473577519879093,0.134427834841437,-0.0789712016345768,1.96815743456799,1.93688574831295,-2.1146493460298,0.455930534003926,0.116230845404361,-0.0868141596220776,3.13304352101716,2.76656880969338,3.11151994490891,2.77901052889387,NaN,NaN,0
2.83,1.94980749398096,1.97577656102113,-2.12000545557952,1.98179780588919,1.9470383685948,-2.10953245595369,0.470181750797876,0.133182047075998,-0.079055778448932,1.97269545885034,1.93804460986327,-2.11552633057907,0.451674322464629,0.11554146465932,-0.0885827502325355,3.13304352101716,2.76656880969338,3.11151994490891,2.77901052889387,NaN,NaN,0
2.84,1.95550131306461,1.97730352570344,-2.12081906200475,1.98648326484326,1.94836375705479,-2.110323455079,0.466935411612331,0.131887316929937,-0.0791447755854923,1.97719310566325,1.93919036974306,-2.11640986959014,0.447855040118693,0.113610511298528,-0.0881250519811139,3.13304352101716,2.76656880969338,3.11151994490891,2.77901052889387,NaN,NaN,0
2.85,1.96118291027142,1.97878105790059,-2.1216350383096,1.99113703085086,1.94967594481298,-2.11111536585448,0.463844090164523,0.130541546381579,-0.0792380883619476,1.98476279909865,1.93961301438992,-2.12094770620141,0.453435066794407,0.110108400231123,-0.0927031524644286,3.12622916374999,2.75037878290433,3.11529310854037,2.76484614173094,0.0701865,1,0
2.86,1.96685225009142,1.98020912067436,-2.12245337939422,1.99576072297034,1.95097443089441,-2.11190684005142,0.460921317093046,0.129146779374919,-0.0790574297752963,1.98928127773388,1.94070387974827,-2.12187865375601,0.45026066025265,0.108064671439221,-0.0934863584558805,3.12622916374999,2.75037878290433,3.11529310854037,2.76484614173094,NaN,NaN,0
2.87,1.97250929709126,1.98158767832324,-2.123274080144,2.00035600279082,1.95225870172084,-2.11269652768547,0.458162223448023,0.127698405452374,-0.0788807411660642,1.99377339241191,1.9417720430531,-2.12280828374619,0.448162275353707,0.105567989526447,-0.0924396395796805,3.12622916374999,2.75037878290433,3.11529310854037,2.76484614173094,NaN,NaN,0
2.88,1.97815401591442,1.98291669638337,-2.12409713542955,2.00492452489809,1.95352821837362,-2.11348446738417,0.455570367387144,0.126195839524098,-0.0787078046958634,1.99824494944653,1.94281848059048,-2.12373386365246,0.446149131569666,0.103719517950086,-0.092676341676102,3.12622916374999,2.75037878290433,3.11529310854037,2.76484614173094,NaN,NaN,0
2.89,1.98378637128142,1.98419614162937,-2.12492254010678,2.00946797945266,1.95478243562598,-2.11427069549385,0.453149305449697,0.124638404907906,-0.0785383818544955,2.00269247632774,1.94384168300767,-2.12465588271098,0.443356244672406,0.100920965487036,-0.0917274700264127,3.12622916374999,2.75037878290433,3.11529310854037,2.76484614173094,NaN,NaN,0
2.9,1.98940632799005,1.98542598207518,-2.12575028901692,2.01398809216598,1.95602080102277,-2.11505524586971,0.45090259102283,0.123025332476899,-0.078372212817635,2.00889244791013,1.95674501329508,-2.12499927314047,0.445994184563215,0.129022753674053,-0.0895915671797397,3.13925960763299,2.74088112175069,3.13683576229857,2.73192318102835,0.078619,1,0
2.91,1.99501385091561,1.98660618697484,-2.12658037698653,2.0184866291585,1.95724275799068,-2.11583782273149,0.448834310214433,0.121356274448144,-0.0781436161116945,2.01334069276717,1.9580236231423,-2.12589038514558,0.443654786844533,0.126699215771718,-0.0886308338426515,3.13925960763299,2.74088112175069,3.13683576229857,2.73192318102835,NaN,NaN,0
2.92,2.00060890501109,1.98773672682329,-2.12741279882756,2.02296536581719,1.95844772323575,-2.11661812654734,0.446942260697624,0.119626233968014,-0.0779175259762812,2.01776979196124,1.95927718428731,-2.12677413279963,0.442165051969585,0.124013013228952,-0.0881186969669839,3.13925960763299,2.74088112175069,3.13683576229857,2.73192318102835,NaN,NaN,0
2.93,2.00619145530744,1.9888175733571,-2.1282475493374,2.02742605640862,1.95963506433332,-2.11739618005098,0.445224819222675,0.117830692867434,-0.0776934757796476,2.02217659793083,1.9605095052314,-2.12765626140376,0.439196141948386,0.12245117558948,-0.088307023858215,3.13925960763299,2.74088112175069,3.13683576229857,2.73192318102835,NaN,NaN,0
2.94,2.01176146691371,1.98984869955516,-2.12908462329884,2.03187043854616,1.96080410373549,-2.1181720013026,0.443680278268358,0.115965144937665,-0.0774709974339243,2.02656312308184,1.96172075178156,-2.12853801649714,0.4381088882527,0.119798134443287,-0.0880439948169811,3.13925960763299,2.74088112175069,3.13683576229857,2.73192318102835,NaN,NaN,0
2.95,2.01731890501737,1.99083007963937,-2.12992401548017,2.0363002323434,1.96195411889896,-2.11894560367397,0.442306845275767,0.114025097583865,-0.0772496213302288,2.0305412899451,1.9707834657827,-2.13140860382449,0.435633571544844,0.138628465067579,-0.0910165650017255,3.13949831163865,2.73903523413247,3.13828571576116,2.73600631829895,0.0951058,1,0
2.96,2.02286373488444,1.99176168907528,-2.13076572063521,2.04071713776889,1.96308433964751,-2.11971715938008,0.441102346819333,0.112005626190863,-0.0770615887438729,2.03488456941064,1.97216429085387,-2.13231951700396,0.433022321561402,0.137536549167215,-0.0911660708917091,3.13949831163865,2.73903523413247,3.13828571576116,2.73600631829895,NaN,NaN,0
2.97,2.02839592185974,1.9926435045727,-2.13160973350328,2.04512283920055,1.96419395773714,-2.12048683609701,0.440065822671203,0.109904049252109,-0.0768737505589981,2.03920507819865,1.97352897649401,-2.13322597693251,0.431079436040788,0.135400578861614,-0.0901259148185704,3.13949831163865,2.73903523413247,3.13828571576116,2.73600631829895,NaN,NaN,0
2.98,2.03391543136714,1.99347550408629,-2.13245604880933,2.04951900956994,1.96528213662394,-2.12125463357836,0.439195900869499,0.107717269913708,-0.076685668456547,2.0435075188656,1.97487032103074,-2.13412370247872,0.429408697349241,0.132868328484023,-0.0894191944246231,3.13949831163865,2.73903523413247,3.13828571576116,2.73600631829895,NaN,NaN,0
2.99,2.03942222890972,1.9942576668161,-2.13330466126387,2.05390730779842,1.96634800882242,-2.12202054718759,0.438491151250488,0.105442196900136,-0.0764969027436883,2.0477988095521,1.97618928235599,-2.13501744550008,0.428849439951585,0.130923936565971,-0.0893294098457113,3.13949831163865,2.73903523413247,3.13828571576116,2.73600631829895,NaN,NaN,0
3,2.04491628007,1.99498997320811,-2.13415556556309,2.05828937821245,1.96739067596702,-2.1227845678847,0.437950084905656,0.103075745671777,-0.0763070124315499,2.05325606560107,1.97189430954149,-2.13210944285766,0.43096644732098,0.114936710210699,-0.0851049475581342,3.13949831163865,2.73903523413247,3.13828571576116,2.73600631829895,NaN,NaN,0
